algoritmo,versao,threads,tamanhoEntrada,tipoEntrada,amostra,tempoMs,score,ordenadoCorretamente
"Bubble Sort","Serial",1,1000,"ALEATORIA",1,3.2651,5727.724669987003,true
"Bubble Sort","Serial",1,1000,"ALEATORIA",2,1.303,6644.388132671624,true
"Bubble Sort","Serial",1,1000,"ALEATORIA",3,1.4888,6511.272545472274,true
"Bubble Sort","Serial",1,1000,"ALEATORIA",4,1.7222,6365.873454416259,true
"Bubble Sort","Serial",1,1000,"ALEATORIA",5,0.6136,7396.78071973572,true
"Insertion Sort","Serial",1,1000,"ALEATORIA",1,1.1394,6778.3922222944475,true
"Insertion Sort","Serial",1,1000,"ALEATORIA",2,0.4813,7639.500965867516,true
"Insertion Sort","Serial",1,1000,"ALEATORIA",3,0.4305,7750.99364145795,true
"Insertion Sort","Serial",1,1000,"ALEATORIA",4,0.4486,7709.827435287269,true
"Insertion Sort","Serial",1,1000,"ALEATORIA",5,0.4634,7677.383238629376,true
"Quick Sort","Serial",1,1000,"ALEATORIA",1,0.3492,7960.214873042697,true
"Quick Sort","Serial",1,1000,"ALEATORIA",2,0.1264,8976.18546826371,true
"Quick Sort","Serial",1,1000,"ALEATORIA",3,0.1375,8892.02413140539,true
"Quick Sort","Serial",1,1000,"ALEATORIA",4,0.0707,9557.13568256262,true
"Quick Sort","Serial",1,1000,"ALEATORIA",5,0.0841,9383.588087449165,true
"Merge Sort","Serial",1,1000,"ALEATORIA",1,0.3516,7953.367930356457,true
"Merge Sort","Serial",1,1000,"ALEATORIA",2,0.0965,9246.064044963508,true
"Merge Sort","Serial",1,1000,"ALEATORIA",3,0.094,9272.309771276547,true
"Merge Sort","Serial",1,1000,"ALEATORIA",4,0.0993,9217.46428198323,true
"Merge Sort","Serial",1,1000,"ALEATORIA",5,0.0892,9324.718714400227,true
"Bubble Sort","Paralelo",1,1000,"ALEATORIA",1,2.0077,6212.771177968627,true
"Bubble Sort","Paralelo",1,1000,"ALEATORIA",2,0.594,7429.22506225346,true
"Bubble Sort","Paralelo",1,1000,"ALEATORIA",3,0.5837,7446.706935467944,true
"Bubble Sort","Paralelo",1,1000,"ALEATORIA",4,0.5648,7479.603512345753,true
"Bubble Sort","Paralelo",1,1000,"ALEATORIA",5,0.6004,7418.514678036999,true
"Bubble Sort","Paralelo",2,1000,"ALEATORIA",1,2.7326,5905.230615296133,true
"Bubble Sort","Paralelo",2,1000,"ALEATORIA",2,0.8843,7031.598095619691,true
"Bubble Sort","Paralelo",2,1000,"ALEATORIA",3,1.4076,6567.275762776627,true
"Bubble Sort","Paralelo",2,1000,"ALEATORIA",4,1.0243,6884.769602284494,true
"Bubble Sort","Paralelo",2,1000,"ALEATORIA",5,1.0517,6858.398523789293,true
"Bubble Sort","Paralelo",4,1000,"ALEATORIA",1,2.1935,6124.447935149069,true
"Bubble Sort","Paralelo",4,1000,"ALEATORIA",2,1.2627,6675.764896984448,true
"Bubble Sort","Paralelo",4,1000,"ALEATORIA",3,0.7069,7255.327995051246,true
"Bubble Sort","Paralelo",4,1000,"ALEATORIA",4,0.9562,6953.499204904266,true
"Bubble Sort","Paralelo",4,1000,"ALEATORIA",5,0.6212,7384.47847382489,true
"Bubble Sort","Paralelo",8,1000,"ALEATORIA",1,0.8903,7024.8419773026735,true
"Bubble Sort","Paralelo",8,1000,"ALEATORIA",2,0.8977,7016.571918509966,true
"Bubble Sort","Paralelo",8,1000,"ALEATORIA",3,0.746,7201.530679640823,true
"Bubble Sort","Paralelo",8,1000,"ALEATORIA",4,1.1036,6810.280707102329,true
"Bubble Sort","Paralelo",8,1000,"ALEATORIA",5,1.0709,6840.32618955309,true
"Insertion Sort","Paralelo",1,1000,"ALEATORIA",1,0.2722,8209.24563070721,true
"Insertion Sort","Paralelo",1,1000,"ALEATORIA",2,0.5876,7440.051541095269,true
"Insertion Sort","Paralelo",1,1000,"ALEATORIA",3,0.5085,7584.553713233346,true
"Insertion Sort","Paralelo",1,1000,"ALEATORIA",4,0.5008,7599.804412819916,true
"Insertion Sort","Paralelo",1,1000,"ALEATORIA",5,0.4832,7635.562994640141,true
"Insertion Sort","Paralelo",2,1000,"ALEATORIA",1,2.2063,6118.642244344102,true
"Insertion Sort","Paralelo",2,1000,"ALEATORIA",2,3.0315,5801.724646721788,true
"Insertion Sort","Paralelo",2,1000,"ALEATORIA",3,0.4975,7606.412377653532,true
"Insertion Sort","Paralelo",2,1000,"ALEATORIA",4,0.555,7497.097290262301,true
"Insertion Sort","Paralelo",2,1000,"ALEATORIA",5,0.6716,7306.519007338532,true
"Insertion Sort","Paralelo",4,1000,"ALEATORIA",1,0.7463,7201.128915483564,true
"Insertion Sort","Paralelo",4,1000,"ALEATORIA",2,0.5812,7450.996657436839,true
"Insertion Sort","Paralelo",4,1000,"ALEATORIA",3,1.7608,6343.74627936104,true
"Insertion Sort","Paralelo",4,1000,"ALEATORIA",4,1.2446,6690.184911956618,true
"Insertion Sort","Paralelo",4,1000,"ALEATORIA",5,0.7658,7175.355025845875,true
"Insertion Sort","Paralelo",8,1000,"ALEATORIA",1,0.8924,7022.488097453755,true
"Insertion Sort","Paralelo",8,1000,"ALEATORIA",2,0.754,7190.871905841124,true
"Insertion Sort","Paralelo",8,1000,"ALEATORIA",3,0.7753,7163.035506349567,true
"Insertion Sort","Paralelo",8,1000,"ALEATORIA",4,0.7047,7258.442829446843,true
"Insertion Sort","Paralelo",8,1000,"ALEATORIA",5,0.9381,6972.591665091557,true
"Quick Sort","Paralelo",1,1000,"ALEATORIA",1,1.832,6304.177336664921,true
"Quick Sort","Paralelo",1,1000,"ALEATORIA",2,0.4012,7821.451621417294,true
"Quick Sort","Paralelo",1,1000,"ALEATORIA",3,0.3383,7991.915724967069,true
"Quick Sort","Paralelo",1,1000,"ALEATORIA",4,0.3587,7933.3828091085725,true
"Quick Sort","Paralelo",1,1000,"ALEATORIA",5,0.2974,8120.729879723605,true
"Quick Sort","Paralelo",2,1000,"ALEATORIA",1,0.5483,7509.236125292749,true
"Quick Sort","Paralelo",2,1000,"ALEATORIA",2,4.7826,5347.54214700522,true
"Quick Sort","Paralelo",2,1000,"ALEATORIA",3,0.671,7307.412195972745,true
"Quick Sort","Paralelo",2,1000,"ALEATORIA",4,0.6832,7289.405882215036,true
"Quick Sort","Paralelo",2,1000,"ALEATORIA",5,0.3442,7974.6318149636045,true
"Quick Sort","Paralelo",4,1000,"ALEATORIA",1,0.2971,8121.738831370246,true
"Quick Sort","Paralelo",4,1000,"ALEATORIA",2,0.3038,8099.444721664726,true
"Quick Sort","Paralelo",4,1000,"ALEATORIA",3,0.3547,7944.592833293524,true
"Quick Sort","Paralelo",4,1000,"ALEATORIA",4,0.3103,8078.281238376851,true
"Quick Sort","Paralelo",4,1000,"ALEATORIA",5,0.2737,8203.751604468629,true
"Quick Sort","Paralelo",8,1000,"ALEATORIA",1,0.3204,8046.260691452951,true
"Quick Sort","Paralelo",8,1000,"ALEATORIA",2,0.2894,8147.990101898788,true
"Quick Sort","Paralelo",8,1000,"ALEATORIA",3,0.3397,7987.787325112755,true
"Quick Sort","Paralelo",8,1000,"ALEATORIA",4,0.2683,8223.673064546689,true
"Quick Sort","Paralelo",8,1000,"ALEATORIA",5,0.283,8170.346620284089,true
"Merge Sort","Paralelo",1,1000,"ALEATORIA",1,0.931,6980.1818475755035,true
"Merge Sort","Paralelo",1,1000,"ALEATORIA",2,0.4085,7803.427060250807,true
"Merge Sort","Paralelo",1,1000,"ALEATORIA",3,0.3439,7975.503481406003,true
"Merge Sort","Paralelo",1,1000,"ALEATORIA",4,0.3078,8086.368089198792,true
"Merge Sort","Paralelo",1,1000,"ALEATORIA",5,0.3746,7890.026297809223,true
"Merge Sort","Paralelo",2,1000,"ALEATORIA",1,0.3537,7947.41509921574,true
"Merge Sort","Paralelo",2,1000,"ALEATORIA",2,0.379,7878.3532810794895,true
"Merge Sort","Paralelo",2,1000,"ALEATORIA",3,0.3688,7905.624798291831,true
"Merge Sort","Paralelo",2,1000,"ALEATORIA",4,0.4724,7658.156762095315,true
"Merge Sort","Paralelo",2,1000,"ALEATORIA",5,0.3473,7965.66883791956,true
"Merge Sort","Paralelo",4,1000,"ALEATORIA",1,0.8297,7095.27572428326,true
"Merge Sort","Paralelo",4,1000,"ALEATORIA",2,0.5552,7496.737194705182,true
"Merge Sort","Paralelo",4,1000,"ALEATORIA",3,0.4766,7649.309479761926,true
"Merge Sort","Paralelo",4,1000,"ALEATORIA",4,0.5252,7552.256477666384,true
"Merge Sort","Paralelo",4,1000,"ALEATORIA",5,0.7534,7191.667379043019,true
"Merge Sort","Paralelo",8,1000,"ALEATORIA",1,0.7437,7204.616253847209,true
"Merge Sort","Paralelo",8,1000,"ALEATORIA",2,0.8932,7021.592839332527,true
"Merge Sort","Paralelo",8,1000,"ALEATORIA",3,0.6871,7283.717579982112,true
"Merge Sort","Paralelo",8,1000,"ALEATORIA",4,0.5933,7430.403508766815,true
"Merge Sort","Paralelo",8,1000,"ALEATORIA",5,0.5628,7483.148874411517,true
"Bubble Sort","Serial",1,5000,"ALEATORIA",1,12.7664,5972.926497762856,true
"Bubble Sort","Serial",1,5000,"ALEATORIA",2,12.1791,6019.904681689321,true
"Bubble Sort","Serial",1,5000,"ALEATORIA",3,13.4695,5919.455599162669,true
"Bubble Sort","Serial",1,5000,"ALEATORIA",4,13.6047,5909.495115084721,true
"Bubble Sort","Serial",1,5000,"ALEATORIA",5,12.5378,5990.9495315163895,true
"Insertion Sort","Serial",1,5000,"ALEATORIA",1,0.9564,8561.963496522518,true
"Insertion Sort","Serial",1,5000,"ALEATORIA",2,0.9864,8531.0837790911,true
"Insertion Sort","Serial",1,5000,"ALEATORIA",3,0.9841,8533.41775312692,true
"Insertion Sort","Serial",1,5000,"ALEATORIA",4,0.9735,8544.245326634535,true
"Insertion Sort","Serial",1,5000,"ALEATORIA",5,0.9422,8576.919326379848,true
"Quick Sort","Serial",1,5000,"ALEATORIA",1,0.2767,9802.069922074294,true
"Quick Sort","Serial",1,5000,"ALEATORIA",2,0.2359,9961.587662871803,true
"Quick Sort","Serial",1,5000,"ALEATORIA",3,0.2481,9911.166198469587,true
"Quick Sort","Serial",1,5000,"ALEATORIA",4,0.2174,10000.0,true
"Quick Sort","Serial",1,5000,"ALEATORIA",5,0.2069,10000.0,true
"Merge Sort","Serial",1,5000,"ALEATORIA",1,2.1103,7770.785044897839,true
"Merge Sort","Serial",1,5000,"ALEATORIA",2,2.0819,7784.32854645455,true
"Merge Sort","Serial",1,5000,"ALEATORIA",3,1.7651,7949.338803115242,true
"Merge Sort","Serial",1,5000,"ALEATORIA",4,1.5957,8050.199769067655,true
"Merge Sort","Serial",1,5000,"ALEATORIA",5,0.8555,8673.433462430192,true
"Bubble Sort","Paralelo",1,5000,"ALEATORIA",1,12.666,5980.801950179206,true
"Bubble Sort","Paralelo",1,5000,"ALEATORIA",2,13.8506,5891.630928710061,true
"Bubble Sort","Paralelo",1,5000,"ALEATORIA",3,13.7443,5899.314087499704,true
"Bubble Sort","Paralelo",1,5000,"ALEATORIA",4,12.7324,5975.58650880118,true
"Bubble Sort","Paralelo",1,5000,"ALEATORIA",5,13.2302,5937.333641645033,true
"Bubble Sort","Paralelo",2,5000,"ALEATORIA",1,3.5966,7237.923298080644,true
"Bubble Sort","Paralelo",2,5000,"ALEATORIA",2,3.7747,7189.626937247987,true
"Bubble Sort","Paralelo",2,5000,"ALEATORIA",3,3.8096,7180.430624552086,true
"Bubble Sort","Paralelo",2,5000,"ALEATORIA",4,3.363,7305.0321325641,true
"Bubble Sort","Paralelo",2,5000,"ALEATORIA",5,3.5302,7256.544455723212,true
"Bubble Sort","Paralelo",4,5000,"ALEATORIA",1,1.7506,7957.584663822332,true
"Bubble Sort","Paralelo",4,5000,"ALEATORIA",2,1.5124,8103.797832643744,true
"Bubble Sort","Paralelo",4,5000,"ALEATORIA",3,1.558,8074.101795430483,true
"Bubble Sort","Paralelo",4,5000,"ALEATORIA",4,1.7145,7978.41453971863,true
"Bubble Sort","Paralelo",4,5000,"ALEATORIA",5,2.2357,7713.085853344861,true
"Bubble Sort","Paralelo",8,5000,"ALEATORIA",1,2.2995,7684.961277696803,true
"Bubble Sort","Paralelo",8,5000,"ALEATORIA",2,1.6714,8003.865816971927,true
"Bubble Sort","Paralelo",8,5000,"ALEATORIA",3,1.7117,7980.048444111788,true
"Bubble Sort","Paralelo",8,5000,"ALEATORIA",4,1.5706,8066.049550132241,true
"Bubble Sort","Paralelo",8,5000,"ALEATORIA",5,2.1632,7746.037130988029,true
"Insertion Sort","Paralelo",1,5000,"ALEATORIA",1,0.9992,8518.193331621653,true
"Insertion Sort","Paralelo",1,5000,"ALEATORIA",2,1.0584,8460.646515196579,true
"Insertion Sort","Paralelo",1,5000,"ALEATORIA",3,1.6705,8004.404252802587,true
"Insertion Sort","Paralelo",1,5000,"ALEATORIA",4,1.1395,8386.831495747376,true
"Insertion Sort","Paralelo",1,5000,"ALEATORIA",5,1.0218,8495.831752623017,true
"Insertion Sort","Paralelo",2,5000,"ALEATORIA",1,0.8584,8670.049944346561,true
"Insertion Sort","Paralelo",2,5000,"ALEATORIA",2,0.7518,8802.628487965365,true
"Insertion Sort","Paralelo",2,5000,"ALEATORIA",3,0.6685,8920.045764919329,true
"Insertion Sort","Paralelo",2,5000,"ALEATORIA",4,0.644,8957.378536000013,true
"Insertion Sort","Paralelo",2,5000,"ALEATORIA",5,0.5538,9108.255613528077,true
"Insertion Sort","Paralelo",4,5000,"ALEATORIA",1,0.5772,9066.875076835975,true
"Insertion Sort","Paralelo",4,5000,"ALEATORIA",2,0.4884,9233.911403391443,true
"Insertion Sort","Paralelo",4,5000,"ALEATORIA",3,0.5385,9136.268668002704,true
"Insertion Sort","Paralelo",4,5000,"ALEATORIA",4,0.5114,9187.898682311046,true
"Insertion Sort","Paralelo",4,5000,"ALEATORIA",5,0.5824,9057.90744673263,true
"Insertion Sort","Paralelo",8,5000,"ALEATORIA",1,1.1998,8335.278246393586,true
"Insertion Sort","Paralelo",8,5000,"ALEATORIA",2,1.6185,8036.0170446525335,true
"Insertion Sort","Paralelo",8,5000,"ALEATORIA",3,1.8488,7903.026103093822,true
"Insertion Sort","Paralelo",8,5000,"ALEATORIA",4,1.0452,8473.1939549061,true
"Insertion Sort","Paralelo",8,5000,"ALEATORIA",5,1.0715,8448.347932525778,true
"Quick Sort","Paralelo",1,5000,"ALEATORIA",1,0.6836,8897.712229811612,true
"Quick Sort","Paralelo",1,5000,"ALEATORIA",2,0.5438,9126.475692286063,true
"Quick Sort","Paralelo",1,5000,"ALEATORIA",3,0.5306,9151.046143064406,true
"Quick Sort","Paralelo",1,5000,"ALEATORIA",4,0.4701,9272.097047948688,true
"Quick Sort","Paralelo",1,5000,"ALEATORIA",5,0.4858,9239.248609110575,true
"Quick Sort","Paralelo",2,5000,"ALEATORIA",1,0.5955,9035.666174511178,true
"Quick Sort","Paralelo",2,5000,"ALEATORIA",2,0.442,9333.726984413626,true
"Quick Sort","Paralelo",2,5000,"ALEATORIA",3,0.5241,9163.370779097022,true
"Quick Sort","Paralelo",2,5000,"ALEATORIA",4,0.4198,9385.254019487398,true
"Quick Sort","Paralelo",2,5000,"ALEATORIA",5,0.4185,9388.355276966195,true
"Quick Sort","Paralelo",4,5000,"ALEATORIA",1,0.4755,9260.67668389121,true
"Quick Sort","Paralelo",4,5000,"ALEATORIA",2,0.4466,9323.374447003524,true
"Quick Sort","Paralelo",4,5000,"ALEATORIA",3,0.4885,9233.706694143204,true
"Quick Sort","Paralelo",4,5000,"ALEATORIA",4,0.5422,9129.421967454618,true
"Quick Sort","Paralelo",4,5000,"ALEATORIA",5,0.5283,9155.38982064648,true
"Quick Sort","Paralelo",8,5000,"ALEATORIA",1,0.6124,9007.685279114783,true
"Quick Sort","Paralelo",8,5000,"ALEATORIA",2,0.5507,9113.868408064975,true
"Quick Sort","Paralelo",8,5000,"ALEATORIA",3,0.5182,9174.690836900112,true
"Quick Sort","Paralelo",8,5000,"ALEATORIA",4,0.6633,8927.853745068305,true
"Quick Sort","Paralelo",8,5000,"ALEATORIA",5,0.4947,9221.095887270472,true
"Merge Sort","Paralelo",1,5000,"ALEATORIA",1,0.9297,8590.272439651864,true
"Merge Sort","Paralelo",1,5000,"ALEATORIA",2,0.6378,8967.051267687331,true
"Merge Sort","Paralelo",1,5000,"ALEATORIA",3,0.5319,9148.599342992151,true
"Merge Sort","Paralelo",1,5000,"ALEATORIA",4,0.5776,9066.182396147837,true
"Merge Sort","Paralelo",1,5000,"ALEATORIA",5,0.6047,9020.336935806554,true
"Merge Sort","Paralelo",2,5000,"ALEATORIA",1,0.6439,8957.533807562804,true
"Merge Sort","Paralelo",2,5000,"ALEATORIA",2,0.6065,9017.365034658018,true
"Merge Sort","Paralelo",2,5000,"ALEATORIA",3,0.4886,9233.502026800446,true
"Merge Sort","Paralelo",2,5000,"ALEATORIA",4,0.4988,9212.843011616797,true
"Merge Sort","Paralelo",2,5000,"ALEATORIA",5,0.471,9270.184571945416,true
"Merge Sort","Paralelo",4,5000,"ALEATORIA",1,0.5556,9105.010973344817,true
"Merge Sort","Paralelo",4,5000,"ALEATORIA",2,0.4964,9217.66569213999,true
"Merge Sort","Paralelo",4,5000,"ALEATORIA",3,0.4577,9298.826058549248,true
"Merge Sort","Paralelo",4,5000,"ALEATORIA",4,0.5642,9089.652505464524,true
"Merge Sort","Paralelo",4,5000,"ALEATORIA",5,0.7754,8771.724513137884,true
"Merge Sort","Paralelo",8,5000,"ALEATORIA",1,0.9032,8619.185081249481,true
"Merge Sort","Paralelo",8,5000,"ALEATORIA",2,0.5808,9060.658160141738,true
"Merge Sort","Paralelo",8,5000,"ALEATORIA",3,0.6364,8969.248445835332,true
"Merge Sort","Paralelo",8,5000,"ALEATORIA",4,0.5472,9120.243538101913,true
"Merge Sort","Paralelo",8,5000,"ALEATORIA",5,0.7154,8852.249713338491,true
"Bubble Sort","Serial",1,10000,"ALEATORIA",1,78.2218,4858.5837362533675,true
"Bubble Sort","Serial",1,10000,"ALEATORIA",2,77.2503,4870.984917448156,true
"Bubble Sort","Serial",1,10000,"ALEATORIA",3,75.841,4889.256813762692,true
"Bubble Sort","Serial",1,10000,"ALEATORIA",4,75.5519,4893.0473271603605,true
"Bubble Sort","Serial",1,10000,"ALEATORIA",5,75.431,4894.636833953876,true
"Insertion Sort","Serial",1,10000,"ALEATORIA",1,3.5461,7944.846511072913,true
"Insertion Sort","Serial",1,10000,"ALEATORIA",2,3.6858,7906.221285651461,true
"Insertion Sort","Serial",1,10000,"ALEATORIA",3,3.5124,7954.39198580215,true
"Insertion Sort","Serial",1,10000,"ALEATORIA",4,3.6022,7929.155757191716,true
"Insertion Sort","Serial",1,10000,"ALEATORIA",5,3.6078,7927.602918619286,true
"Quick Sort","Serial",1,10000,"ALEATORIA",1,0.568,9776.03103062411,true
"Quick Sort","Serial",1,10000,"ALEATORIA",2,0.5377,9830.848635697133,true
"Quick Sort","Serial",1,10000,"ALEATORIA",3,0.5017,9900.14348820964,true
"Quick Sort","Serial",1,10000,"ALEATORIA",4,0.499,9905.539453961837,true
"Quick Sort","Serial",1,10000,"ALEATORIA",5,0.5037,9896.16516693819,true
"Merge Sort","Serial",1,10000,"ALEATORIA",1,0.7106,9552.05702484675,true
"Merge Sort","Serial",1,10000,"ALEATORIA",2,0.7119,9550.229386314604,true
"Merge Sort","Serial",1,10000,"ALEATORIA",3,0.6574,9629.868727567422,true
"Merge Sort","Serial",1,10000,"ALEATORIA",4,0.6697,9611.332767799926,true
"Merge Sort","Serial",1,10000,"ALEATORIA",5,0.6625,9622.141340903509,true
"Bubble Sort","Paralelo",1,10000,"ALEATORIA",1,77.0581,4873.4569610867,true
"Bubble Sort","Paralelo",1,10000,"ALEATORIA",2,75.9709,4887.558377190935,true
"Bubble Sort","Paralelo",1,10000,"ALEATORIA",3,75.7689,4890.200783301919,true
"Bubble Sort","Paralelo",1,10000,"ALEATORIA",4,74.8072,4902.879113122805,true
"Bubble Sort","Paralelo",1,10000,"ALEATORIA",5,76.8039,4876.735997819956,true
"Bubble Sort","Paralelo",2,10000,"ALEATORIA",1,11.9893,6727.523998483414,true
"Bubble Sort","Paralelo",2,10000,"ALEATORIA",2,11.7986,6743.538656123313,true
"Bubble Sort","Paralelo",2,10000,"ALEATORIA",3,14.1298,6563.466312344699,true
"Bubble Sort","Paralelo",2,10000,"ALEATORIA",4,12.298,6702.1327688603,true
"Bubble Sort","Paralelo",2,10000,"ALEATORIA",5,16.1223,6431.747896927174,true
"Bubble Sort","Paralelo",4,10000,"ALEATORIA",1,4.2302,7768.51402926411,true
"Bubble Sort","Paralelo",4,10000,"ALEATORIA",2,3.6441,7917.595294202787,true
"Bubble Sort","Paralelo",4,10000,"ALEATORIA",3,3.8445,7864.081192604118,true
"Bubble Sort","Paralelo",4,10000,"ALEATORIA",4,3.2482,8032.564142475222,true
"Bubble Sort","Paralelo",4,10000,"ALEATORIA",5,3.4831,7962.765919477198,true
"Bubble Sort","Paralelo",8,10000,"ALEATORIA",1,2.4455,8316.335291081432,true
"Bubble Sort","Paralelo",8,10000,"ALEATORIA",2,2.6591,8232.618526951315,true
"Bubble Sort","Paralelo",8,10000,"ALEATORIA",3,2.3498,8356.245106221371,true
"Bubble Sort","Paralelo",8,10000,"ALEATORIA",4,2.2533,8398.169868215253,true
"Bubble Sort","Paralelo",8,10000,"ALEATORIA",5,1.9753,8529.817596917883,true
"Insertion Sort","Paralelo",1,10000,"ALEATORIA",1,3.8064,7874.0370789846,true
"Insertion Sort","Paralelo",1,10000,"ALEATORIA",2,3.8234,7869.582559790089,true
"Insertion Sort","Paralelo",1,10000,"ALEATORIA",3,4.0947,7801.056303618097,true
"Insertion Sort","Paralelo",1,10000,"ALEATORIA",4,4.1447,7788.924346496311,true
"Insertion Sort","Paralelo",1,10000,"ALEATORIA",5,4.1508,7787.454279105324,true
"Insertion Sort","Paralelo",2,10000,"ALEATORIA",1,1.9937,8520.547513237982,true
"Insertion Sort","Paralelo",2,10000,"ALEATORIA",2,1.5193,8792.242587968405,true
"Insertion Sort","Paralelo",2,10000,"ALEATORIA",3,1.4344,8849.737158380864,true
"Insertion Sort","Paralelo",2,10000,"ALEATORIA",4,1.4972,8806.893383721124,true
"Insertion Sort","Paralelo",2,10000,"ALEATORIA",5,1.5261,8787.777508817768,true
"Insertion Sort","Paralelo",4,10000,"ALEATORIA",1,1.0944,9120.243538101913,true
"Insertion Sort","Paralelo",4,10000,"ALEATORIA",2,1.035,9176.042439903094,true
"Insertion Sort","Paralelo",4,10000,"ALEATORIA",3,1.1588,9063.071258349555,true
"Insertion Sort","Paralelo",4,10000,"ALEATORIA",4,1.0354,9175.656081130623,true
"Insertion Sort","Paralelo",4,10000,"ALEATORIA",5,1.1377,9081.445454941333,true
"Insertion Sort","Paralelo",8,10000,"ALEATORIA",1,1.4521,8837.474786879677,true
"Insertion Sort","Paralelo",8,10000,"ALEATORIA",2,1.3799,8888.467319681065,true
"Insertion Sort","Paralelo",8,10000,"ALEATORIA",3,0.7322,9522.11516759173,true
"Insertion Sort","Paralelo",8,10000,"ALEATORIA",4,1.238,8996.96699005119,true
"Insertion Sort","Paralelo",8,10000,"ALEATORIA",5,0.7472,9501.837481252285,true
"Quick Sort","Paralelo",1,10000,"ALEATORIA",1,0.9244,9289.04320828578,true
"Quick Sort","Paralelo",1,10000,"ALEATORIA",2,0.7418,9509.09016315163,true
"Quick Sort","Paralelo",1,10000,"ALEATORIA",3,0.6694,9611.780799940712,true
"Quick Sort","Paralelo",1,10000,"ALEATORIA",4,0.6887,9583.358756036238,true
"Quick Sort","Paralelo",1,10000,"ALEATORIA",5,0.677,9600.492075754502,true
"Quick Sort","Paralelo",2,10000,"ALEATORIA",1,0.8278,9399.406848217612,true
"Quick Sort","Paralelo",2,10000,"ALEATORIA",2,0.857,9364.743428688504,true
"Quick Sort","Paralelo",2,10000,"ALEATORIA",3,0.7838,9454.020142121237,true
"Quick Sort","Paralelo",2,10000,"ALEATORIA",4,0.9921,9218.370947381476,true
"Quick Sort","Paralelo",2,10000,"ALEATORIA",5,0.7576,9488.015866216807,true
"Quick Sort","Paralelo",4,10000,"ALEATORIA",1,0.8185,9410.704100797602,true
"Quick Sort","Paralelo",4,10000,"ALEATORIA",2,0.6564,9631.390929588173,true
"Quick Sort","Paralelo",4,10000,"ALEATORIA",3,0.7179,9541.837154799105,true
"Quick Sort","Paralelo",4,10000,"ALEATORIA",4,0.7278,9528.142143131925,true
"Quick Sort","Paralelo",4,10000,"ALEATORIA",5,0.655,9633.525913178037,true
"Quick Sort","Paralelo",8,10000,"ALEATORIA",1,0.8469,9376.59771344477,true
"Quick Sort","Paralelo",8,10000,"ALEATORIA",2,0.7656,9477.512367889009,true
"Quick Sort","Paralelo",8,10000,"ALEATORIA",3,0.6532,9636.27760772875,true
"Quick Sort","Paralelo",8,10000,"ALEATORIA",4,0.6691,9612.229032931173,true
"Quick Sort","Paralelo",8,10000,"ALEATORIA",5,0.6555,9632.762895606258,true
"Merge Sort","Paralelo",1,10000,"ALEATORIA",1,0.8521,9370.476966494243,true
"Merge Sort","Paralelo",1,10000,"ALEATORIA",2,1.0607,9151.517368821871,true
"Merge Sort","Paralelo",1,10000,"ALEATORIA",3,1.024,9186.726240116344,true
"Merge Sort","Paralelo",1,10000,"ALEATORIA",4,1.2408,8994.708111398704,true
"Merge Sort","Paralelo",1,10000,"ALEATORIA",5,1.0969,9117.962036525523,true
"Merge Sort","Paralelo",2,10000,"ALEATORIA",1,1.2142,9016.376360891174,true
"Merge Sort","Paralelo",2,10000,"ALEATORIA",2,0.924,9289.475975048019,true
"Merge Sort","Paralelo",2,10000,"ALEATORIA",3,0.8687,9351.184675919465,true
"Merge Sort","Paralelo",2,10000,"ALEATORIA",4,0.9244,9289.04320828578,true
"Merge Sort","Paralelo",2,10000,"ALEATORIA",5,1.1581,9063.675444062526,true
"Merge Sort","Paralelo",4,10000,"ALEATORIA",1,0.9573,9254.074554424187,true
"Merge Sort","Paralelo",4,10000,"ALEATORIA",2,0.8306,9396.030376312376,true
"Merge Sort","Paralelo",4,10000,"ALEATORIA",3,0.8194,9409.60522248865,true
"Merge Sort","Paralelo",4,10000,"ALEATORIA",4,0.8607,9360.43570559908,true
"Merge Sort","Paralelo",4,10000,"ALEATORIA",5,0.8482,9375.064010320817,true
"Merge Sort","Paralelo",8,10000,"ALEATORIA",1,0.8137,9416.58526994535,true
"Merge Sort","Paralelo",8,10000,"ALEATORIA",2,1.1136,9102.8537151781,true
"Merge Sort","Paralelo",8,10000,"ALEATORIA",3,1.163,9059.453791677335,true
"Merge Sort","Paralelo",8,10000,"ALEATORIA",4,1.06,9152.177458234604,true
"Merge Sort","Paralelo",8,10000,"ALEATORIA",5,0.9224,9291.208917749624,true
"Bubble Sort","Serial",1,100000,"ALEATORIA",1,11330.9374,2284.970376001418,true
"Bubble Sort","Serial",1,100000,"ALEATORIA",2,13296.8297,2142.4855477849474,true
"Bubble Sort","Serial",1,100000,"ALEATORIA",3,11608.4086,2263.2666781624384,true
"Bubble Sort","Serial",1,100000,"ALEATORIA",4,13476.2056,2130.6675904720228,true
"Bubble Sort","Serial",1,100000,"ALEATORIA",5,13549.1699,2125.9106746324173,true
"Insertion Sort","Serial",1,100000,"ALEATORIA",1,884.0901,4737.168533507088,true
"Insertion Sort","Serial",1,100000,"ALEATORIA",2,889.6112,4730.997726347825,true
"Insertion Sort","Serial",1,100000,"ALEATORIA",3,885.2032,4735.921324248685,true
"Insertion Sort","Serial",1,100000,"ALEATORIA",4,885.6492,4735.4220328710535,true
"Insertion Sort","Serial",1,100000,"ALEATORIA",5,880.4097,4741.303664580628,true
"Quick Sort","Serial",1,100000,"ALEATORIA",1,8.4499,9378.855353420859,true
"Quick Sort","Serial",1,100000,"ALEATORIA",2,8.2889,9398.091080179955,true
"Quick Sort","Serial",1,100000,"ALEATORIA",3,8.7307,9346.16721824613,true
"Quick Sort","Serial",1,100000,"ALEATORIA",4,8.1624,9413.468842260212,true
"Quick Sort","Serial",1,100000,"ALEATORIA",5,8.741,9344.988271551847,true
"Merge Sort","Serial",1,100000,"ALEATORIA",1,12.5607,8982.4781721112,true
"Merge Sort","Serial",1,100000,"ALEATORIA",2,12.9976,8948.290707490676,true
"Merge Sort","Serial",1,100000,"ALEATORIA",3,13.3083,8924.670638381947,true
"Merge Sort","Serial",1,100000,"ALEATORIA",4,13.35,8921.542571213638,true
"Merge Sort","Serial",1,100000,"ALEATORIA",5,12.4595,8990.56666806569,true
"Bubble Sort","Paralelo",1,100000,"ALEATORIA",1,13549.9704,2125.858645051939,true
"Bubble Sort","Paralelo",1,100000,"ALEATORIA",2,12557.8127,2193.123982529211,true
"Bubble Sort","Paralelo",1,100000,"ALEATORIA",3,13085.3868,2156.6470726511434,true
"Bubble Sort","Paralelo",1,100000,"ALEATORIA",4,13612.3804,2121.8127805650265,true
"Bubble Sort","Paralelo",1,100000,"ALEATORIA",5,13072.6927,2157.5053822750815,true
"Bubble Sort","Paralelo",2,100000,"ALEATORIA",1,3024.3911,3528.2559850262433,true
"Bubble Sort","Paralelo",2,100000,"ALEATORIA",2,3310.485,3440.6441671239036,true
"Bubble Sort","Paralelo",2,100000,"ALEATORIA",3,3279.6005,3449.718262207931,true
"Bubble Sort","Paralelo",2,100000,"ALEATORIA",4,3272.2926,3451.8782773248367,true
"Bubble Sort","Paralelo",2,100000,"ALEATORIA",5,3289.1068,3446.9158799281445,true
"Bubble Sort","Paralelo",4,100000,"ALEATORIA",1,788.8418,4850.217138292716,true
"Bubble Sort","Paralelo",4,100000,"ALEATORIA",2,779.9983,4861.40344517208,true
"Bubble Sort","Paralelo",4,100000,"ALEATORIA",3,780.6998,4860.5114491026825,true
"Bubble Sort","Paralelo",4,100000,"ALEATORIA",4,771.1054,4872.781870951721,true
"Bubble Sort","Paralelo",4,100000,"ALEATORIA",5,797.4316,4839.472091180417,true
"Bubble Sort","Paralelo",8,100000,"ALEATORIA",1,226.6718,6091.68646153611,true
"Bubble Sort","Paralelo",8,100000,"ALEATORIA",2,228.9649,6081.643780021015,true
"Bubble Sort","Paralelo",8,100000,"ALEATORIA",3,223.5423,6105.557735238713,true
"Bubble Sort","Paralelo",8,100000,"ALEATORIA",4,224.1129,6103.014143648633,true
"Bubble Sort","Paralelo",8,100000,"ALEATORIA",5,224.2609,6102.355456852287,true
"Insertion Sort","Paralelo",1,100000,"ALEATORIA",1,889.2242,4731.429006615679,true
"Insertion Sort","Paralelo",1,100000,"ALEATORIA",2,888.3647,4732.387527651919,true
"Insertion Sort","Paralelo",1,100000,"ALEATORIA",3,890.4495,4730.064157331892,true
"Insertion Sort","Paralelo",1,100000,"ALEATORIA",4,892.4131,4727.8808692785,true
"Insertion Sort","Paralelo",1,100000,"ALEATORIA",5,903.4897,4715.655081615451,true
"Insertion Sort","Paralelo",2,100000,"ALEATORIA",1,222.6179,6109.6923207993195,true
"Insertion Sort","Paralelo",2,100000,"ALEATORIA",2,224.114,6103.009246395635,true
"Insertion Sort","Paralelo",2,100000,"ALEATORIA",3,222.809,6108.836174248243,true
"Insertion Sort","Paralelo",2,100000,"ALEATORIA",4,225.5052,6096.834759612701,true
"Insertion Sort","Paralelo",2,100000,"ALEATORIA",5,224.3978,6101.746559332825,true
"Insertion Sort","Paralelo",4,100000,"ALEATORIA",1,60.0472,7418.39483713033,true
"Insertion Sort","Paralelo",4,100000,"ALEATORIA",2,58.1348,7450.7421922066305,true
"Insertion Sort","Paralelo",4,100000,"ALEATORIA",3,57.8118,7456.310508833163,true
"Insertion Sort","Paralelo",4,100000,"ALEATORIA",4,58.0554,7452.108123440631,true
"Insertion Sort","Paralelo",4,100000,"ALEATORIA",5,56.837,7473.306151405759,true
"Insertion Sort","Paralelo",8,100000,"ALEATORIA",1,20.4466,8495.313300572387,true
"Insertion Sort","Paralelo",8,100000,"ALEATORIA",2,20.8773,8474.471771871871,true
"Insertion Sort","Paralelo",8,100000,"ALEATORIA",3,21.639,8438.644589371645,true
"Insertion Sort","Paralelo",8,100000,"ALEATORIA",4,20.3269,8501.18358131427,true
"Insertion Sort","Paralelo",8,100000,"ALEATORIA",5,20.2584,8504.558506097379,true
"Quick Sort","Paralelo",1,100000,"ALEATORIA",1,8.8152,9336.536108893639,true
"Quick Sort","Paralelo",1,100000,"ALEATORIA",2,8.7235,9346.992162627657,true
"Quick Sort","Paralelo",1,100000,"ALEATORIA",3,8.9173,9325.021423805636,true
"Quick Sort","Paralelo",1,100000,"ALEATORIA",4,8.8823,9328.953751549654,true
"Quick Sort","Paralelo",1,100000,"ALEATORIA",5,8.611,9359.971115548946,true
"Quick Sort","Paralelo",2,100000,"ALEATORIA",1,5.4051,9825.636562201898,true
"Quick Sort","Paralelo",2,100000,"ALEATORIA",2,5.8458,9747.260466584412,true
"Quick Sort","Paralelo",2,100000,"ALEATORIA",3,6.6718,9615.10249215671,true
"Quick Sort","Paralelo",2,100000,"ALEATORIA",4,5.7264,9767.895666301085,true
"Quick Sort","Paralelo",2,100000,"ALEATORIA",5,5.2217,9860.154661233462,true
"Quick Sort","Paralelo",4,100000,"ALEATORIA",1,3.1758,10000.0,true
"Quick Sort","Paralelo",4,100000,"ALEATORIA",2,3.6506,10000.0,true
"Quick Sort","Paralelo",4,100000,"ALEATORIA",3,3.5199,10000.0,true
"Quick Sort","Paralelo",4,100000,"ALEATORIA",4,3.8572,10000.0,true
"Quick Sort","Paralelo",4,100000,"ALEATORIA",5,3.3338,10000.0,true
"Quick Sort","Paralelo",8,100000,"ALEATORIA",1,3.3353,10000.0,true
"Quick Sort","Paralelo",8,100000,"ALEATORIA",2,3.1539,10000.0,true
"Quick Sort","Paralelo",8,100000,"ALEATORIA",3,2.982,10000.0,true
"Quick Sort","Paralelo",8,100000,"ALEATORIA",4,2.9494,10000.0,true
"Quick Sort","Paralelo",8,100000,"ALEATORIA",5,2.8729,10000.0,true
"Merge Sort","Paralelo",1,100000,"ALEATORIA",1,12.4908,8988.057991842588,true
"Merge Sort","Paralelo",1,100000,"ALEATORIA",2,12.4678,8989.900814487268,true
"Merge Sort","Paralelo",1,100000,"ALEATORIA",3,12.6085,8978.680352332585,true
"Merge Sort","Paralelo",1,100000,"ALEATORIA",4,12.3347,9000.632375715752,true
"Merge Sort","Paralelo",1,100000,"ALEATORIA",5,12.6098,8978.577265597725,true
"Merge Sort","Paralelo",2,100000,"ALEATORIA",1,7.3943,9512.289972107297,true
"Merge Sort","Paralelo",2,100000,"ALEATORIA",2,7.2722,9528.939325078853,true
"Merge Sort","Paralelo",2,100000,"ALEATORIA",3,6.8933,9582.444470223973,true
"Merge Sort","Paralelo",2,100000,"ALEATORIA",4,7.167,9543.509975390274,true
"Merge Sort","Paralelo",2,100000,"ALEATORIA",5,6.8126,9594.219749869048,true
"Merge Sort","Paralelo",4,100000,"ALEATORIA",1,5.1212,9879.587889069053,true
"Merge Sort","Paralelo",4,100000,"ALEATORIA",2,4.5665,9994.224081778018,true
"Merge Sort","Paralelo",4,100000,"ALEATORIA",3,5.3414,9837.491086648151,true
"Merge Sort","Paralelo",4,100000,"ALEATORIA",4,5.0371,9896.145315048054,true
"Merge Sort","Paralelo",4,100000,"ALEATORIA",5,5.6867,9774.852215310406,true
"Merge Sort","Paralelo",8,100000,"ALEATORIA",1,4.8539,9933.191497265774,true
"Merge Sort","Paralelo",8,100000,"ALEATORIA",2,4.18,10000.0,true
"Merge Sort","Paralelo",8,100000,"ALEATORIA",3,5.2046,9863.434659685478,true
"Merge Sort","Paralelo",8,100000,"ALEATORIA",4,5.7462,9764.44415854586,true
"Merge Sort","Paralelo",8,100000,"ALEATORIA",5,5.9431,9730.754011442723,true
"Bubble Sort","Serial",1,1000,"ORDENADA",1,0.0012,10000.0,true
"Bubble Sort","Serial",1,1000,"ORDENADA",2,6.0E-4,10000.0,true
"Bubble Sort","Serial",1,1000,"ORDENADA",3,5.0E-4,10000.0,true
"Bubble Sort","Serial",1,1000,"ORDENADA",4,5.0E-4,10000.0,true
"Bubble Sort","Serial",1,1000,"ORDENADA",5,5.0E-4,10000.0,true
"Insertion Sort","Serial",1,1000,"ORDENADA",1,0.0026,10000.0,true
"Insertion Sort","Serial",1,1000,"ORDENADA",2,0.002,10000.0,true
"Insertion Sort","Serial",1,1000,"ORDENADA",3,0.0019,10000.0,true
"Insertion Sort","Serial",1,1000,"ORDENADA",4,0.002,10000.0,true
"Insertion Sort","Serial",1,1000,"ORDENADA",5,0.002,10000.0,true
"Quick Sort","Serial",1,1000,"ORDENADA",1,0.0174,10000.0,true
"Quick Sort","Serial",1,1000,"ORDENADA",2,0.0127,10000.0,true
"Quick Sort","Serial",1,1000,"ORDENADA",3,0.0122,10000.0,true
"Quick Sort","Serial",1,1000,"ORDENADA",4,0.0122,10000.0,true
"Quick Sort","Serial",1,1000,"ORDENADA",5,0.012,10000.0,true
"Merge Sort","Serial",1,1000,"ORDENADA",1,0.0433,10000.0,true
"Merge Sort","Serial",1,1000,"ORDENADA",2,0.0354,10000.0,true
"Merge Sort","Serial",1,1000,"ORDENADA",3,0.04,10000.0,true
"Merge Sort","Serial",1,1000,"ORDENADA",4,0.0389,10000.0,true
"Merge Sort","Serial",1,1000,"ORDENADA",5,0.0377,10000.0,true
"Bubble Sort","Paralelo",1,1000,"ORDENADA",1,0.0037,10000.0,true
"Bubble Sort","Paralelo",1,1000,"ORDENADA",2,9.0E-4,10000.0,true
"Bubble Sort","Paralelo",1,1000,"ORDENADA",3,7.0E-4,10000.0,true
"Bubble Sort","Paralelo",1,1000,"ORDENADA",4,7.0E-4,10000.0,true
"Bubble Sort","Paralelo",1,1000,"ORDENADA",5,7.0E-4,10000.0,true
"Bubble Sort","Paralelo",2,1000,"ORDENADA",1,0.7414,7207.71139254643,true
"Bubble Sort","Paralelo",2,1000,"ORDENADA",2,0.5061,7589.282251718831,true
"Bubble Sort","Paralelo",2,1000,"ORDENADA",3,0.4782,7645.959588638868,true
"Bubble Sort","Paralelo",2,1000,"ORDENADA",4,0.4206,7774.248806268289,true
"Bubble Sort","Paralelo",2,1000,"ORDENADA",5,0.3779,7881.258776222609,true
"Bubble Sort","Paralelo",4,1000,"ORDENADA",1,0.6931,7275.029128957458,true
"Bubble Sort","Paralelo",4,1000,"ORDENADA",2,0.7874,7147.5612696178905,true
"Bubble Sort","Paralelo",4,1000,"ORDENADA",3,0.8692,7048.806132046433,true
"Bubble Sort","Paralelo",4,1000,"ORDENADA",4,0.6411,7352.966001554248,true
"Bubble Sort","Paralelo",4,1000,"ORDENADA",5,0.6226,7382.228706221796,true
"Bubble Sort","Paralelo",8,1000,"ORDENADA",1,1.0118,6897.03564458183,true
"Bubble Sort","Paralelo",8,1000,"ORDENADA",2,1.1815,6742.151263915469,true
"Bubble Sort","Paralelo",8,1000,"ORDENADA",3,1.1511,6768.187710035629,true
"Bubble Sort","Paralelo",8,1000,"ORDENADA",4,1.2577,6679.7275326690415,true
"Bubble Sort","Paralelo",8,1000,"ORDENADA",5,1.7043,6376.303659061857,true
"Insertion Sort","Paralelo",1,1000,"ORDENADA",1,0.0038,10000.0,true
"Insertion Sort","Paralelo",1,1000,"ORDENADA",2,0.0021,10000.0,true
"Insertion Sort","Paralelo",1,1000,"ORDENADA",3,0.002,10000.0,true
"Insertion Sort","Paralelo",1,1000,"ORDENADA",4,0.002,10000.0,true
"Insertion Sort","Paralelo",1,1000,"ORDENADA",5,0.0019,10000.0,true
"Insertion Sort","Paralelo",2,1000,"ORDENADA",1,0.7029,7260.998576863908,true
"Insertion Sort","Paralelo",2,1000,"ORDENADA",2,0.4409,7727.133268432537,true
"Insertion Sort","Paralelo",2,1000,"ORDENADA",3,1.1577,6762.477031134707,true
"Insertion Sort","Paralelo",2,1000,"ORDENADA",4,0.5272,7548.457635854881,true
"Insertion Sort","Paralelo",2,1000,"ORDENADA",5,0.4826,7636.804888359415,true
"Insertion Sort","Paralelo",4,1000,"ORDENADA",1,0.8018,7129.452836485965,true
"Insertion Sort","Paralelo",4,1000,"ORDENADA",2,1.1496,6769.490162915372,true
"Insertion Sort","Paralelo",4,1000,"ORDENADA",3,0.7626,7179.539219909179,true
"Insertion Sort","Paralelo",4,1000,"ORDENADA",4,0.9126,7000.125073304768,true
"Insertion Sort","Paralelo",4,1000,"ORDENADA",5,0.8105,7118.669388510786,true
"Insertion Sort","Paralelo",8,1000,"ORDENADA",1,1.3966,6575.110193213628,true
"Insertion Sort","Paralelo",8,1000,"ORDENADA",2,1.2359,6697.190966272855,true
"Insertion Sort","Paralelo",8,1000,"ORDENADA",3,1.149,6770.01162052022,true
"Insertion Sort","Paralelo",8,1000,"ORDENADA",4,1.2319,6700.4287278301335,true
"Insertion Sort","Paralelo",8,1000,"ORDENADA",5,1.4544,6534.61517792575,true
"Quick Sort","Paralelo",1,1000,"ORDENADA",1,0.9631,6946.315945914213,true
"Quick Sort","Paralelo",1,1000,"ORDENADA",2,0.4999,7601.60225463637,true
"Quick Sort","Paralelo",1,1000,"ORDENADA",3,5.8659,5144.448118557414,true
"Quick Sort","Paralelo",1,1000,"ORDENADA",4,0.9248,6986.857432682105,true
"Quick Sort","Paralelo",1,1000,"ORDENADA",5,0.9086,7004.513792111854,true
"Quick Sort","Paralelo",2,1000,"ORDENADA",1,1.2704,6669.693061196112,true
"Quick Sort","Paralelo",2,1000,"ORDENADA",2,0.4577,7689.754205591983,true
"Quick Sort","Paralelo",2,1000,"ORDENADA",3,0.4877,7626.297676361275,true
"Quick Sort","Paralelo",2,1000,"ORDENADA",4,0.3217,8042.212771984943,true
"Quick Sort","Paralelo",2,1000,"ORDENADA",5,0.3262,8028.326014585708,true
"Quick Sort","Paralelo",4,1000,"ORDENADA",1,1.0169,6892.012878474631,true
"Quick Sort","Paralelo",4,1000,"ORDENADA",2,0.5388,7526.704768327463,true
"Quick Sort","Paralelo",4,1000,"ORDENADA",3,0.3781,7880.729875605595,true
"Quick Sort","Paralelo",4,1000,"ORDENADA",4,0.338,7992.802605372123,true
"Quick Sort","Paralelo",4,1000,"ORDENADA",5,0.3547,7944.592833293524,true
"Quick Sort","Paralelo",8,1000,"ORDENADA",1,0.7068,7255.469367853248,true
"Quick Sort","Paralelo",8,1000,"ORDENADA",2,0.4216,7771.875071888813,true
"Quick Sort","Paralelo",8,1000,"ORDENADA",3,0.3931,7841.839548292896,true
"Quick Sort","Paralelo",8,1000,"ORDENADA",4,0.3292,8019.174234986929,true
"Quick Sort","Paralelo",8,1000,"ORDENADA",5,0.4419,7724.86874821853,true
"Merge Sort","Paralelo",1,1000,"ORDENADA",1,0.4461,7715.4134163570325,true
"Merge Sort","Paralelo",1,1000,"ORDENADA",2,0.383,7867.85849545785,true
"Merge Sort","Paralelo",1,1000,"ORDENADA",3,0.3124,8071.538491212024,true
"Merge Sort","Paralelo",1,1000,"ORDENADA",4,0.3163,8059.135677640372,true
"Merge Sort","Paralelo",1,1000,"ORDENADA",5,0.3239,8035.399579342709,true
"Merge Sort","Paralelo",2,1000,"ORDENADA",1,0.4407,7727.586789036609,true
"Merge Sort","Paralelo",2,1000,"ORDENADA",2,0.3882,7854.378011899239,true
"Merge Sort","Paralelo",2,1000,"ORDENADA",3,0.3468,7967.1090529366675,true
"Merge Sort","Paralelo",2,1000,"ORDENADA",4,0.4039,7814.747053849259,true
"Merge Sort","Paralelo",2,1000,"ORDENADA",5,0.3723,7896.182807799154,true
"Merge Sort","Paralelo",4,1000,"ORDENADA",1,0.6346,7363.150077541746,true
"Merge Sort","Paralelo",4,1000,"ORDENADA",2,0.3989,7827.19861951346,true
"Merge Sort","Paralelo",4,1000,"ORDENADA",3,0.3388,7990.439337806615,true
"Merge Sort","Paralelo",4,1000,"ORDENADA",4,0.4548,7696.10749269772,true
"Merge Sort","Paralelo",4,1000,"ORDENADA",5,0.6097,7403.153039258973,true
"Merge Sort","Paralelo",8,1000,"ORDENADA",1,0.5314,7540.526783495581,true
"Merge Sort","Paralelo",8,1000,"ORDENADA",2,0.3688,7905.624798291831,true
"Merge Sort","Paralelo",8,1000,"ORDENADA",3,0.3432,7977.540331470818,true
"Merge Sort","Paralelo",8,1000,"ORDENADA",4,0.3048,8096.1594877097,true
"Merge Sort","Paralelo",8,1000,"ORDENADA",5,0.3329,8008.001257984384,true
"Bubble Sort","Serial",1,5000,"ORDENADA",1,0.0027,10000.0,true
"Bubble Sort","Serial",1,5000,"ORDENADA",2,0.0022,10000.0,true
"Bubble Sort","Serial",1,5000,"ORDENADA",3,0.0022,10000.0,true
"Bubble Sort","Serial",1,5000,"ORDENADA",4,0.0021,10000.0,true
"Bubble Sort","Serial",1,5000,"ORDENADA",5,0.0022,10000.0,true
"Insertion Sort","Serial",1,5000,"ORDENADA",1,0.0095,10000.0,true
"Insertion Sort","Serial",1,5000,"ORDENADA",2,0.009,10000.0,true
"Insertion Sort","Serial",1,5000,"ORDENADA",3,0.0089,10000.0,true
"Insertion Sort","Serial",1,5000,"ORDENADA",4,0.009,10000.0,true
"Insertion Sort","Serial",1,5000,"ORDENADA",5,0.009,10000.0,true
"Quick Sort","Serial",1,5000,"ORDENADA",1,0.0779,10000.0,true
"Quick Sort","Serial",1,5000,"ORDENADA",2,0.0715,10000.0,true
"Quick Sort","Serial",1,5000,"ORDENADA",3,0.0713,10000.0,true
"Quick Sort","Serial",1,5000,"ORDENADA",4,0.0726,10000.0,true
"Quick Sort","Serial",1,5000,"ORDENADA",5,0.0725,10000.0,true
"Merge Sort","Serial",1,5000,"ORDENADA",1,0.2427,9933.17089648779,true
"Merge Sort","Serial",1,5000,"ORDENADA",2,0.2083,10000.0,true
"Merge Sort","Serial",1,5000,"ORDENADA",3,0.2131,10000.0,true
"Merge Sort","Serial",1,5000,"ORDENADA",4,0.2117,10000.0,true
"Merge Sort","Serial",1,5000,"ORDENADA",5,0.2233,10000.0,true
"Bubble Sort","Paralelo",1,5000,"ORDENADA",1,0.0057,10000.0,true
"Bubble Sort","Paralelo",1,5000,"ORDENADA",2,0.0027,10000.0,true
"Bubble Sort","Paralelo",1,5000,"ORDENADA",3,0.0024,10000.0,true
"Bubble Sort","Paralelo",1,5000,"ORDENADA",4,0.0024,10000.0,true
"Bubble Sort","Paralelo",1,5000,"ORDENADA",5,0.0024,10000.0,true
"Bubble Sort","Paralelo",2,5000,"ORDENADA",1,1.0899,8431.32519874892,true
"Bubble Sort","Paralelo",2,5000,"ORDENADA",2,0.5105,9189.659927581804,true
"Bubble Sort","Paralelo",2,5000,"ORDENADA",3,0.4547,9305.401545432618,true
"Bubble Sort","Paralelo",2,5000,"ORDENADA",4,0.5557,9104.831023936906,true
"Bubble Sort","Paralelo",2,5000,"ORDENADA",5,0.452,9311.356686480309,true
"Bubble Sort","Paralelo",4,5000,"ORDENADA",1,3.0939,7388.379349042835,true
"Bubble Sort","Paralelo",4,5000,"ORDENADA",2,0.8788,8646.566874443939,true
"Bubble Sort","Paralelo",4,5000,"ORDENADA",3,1.8742,7889.386059473689,true
"Bubble Sort","Paralelo",4,5000,"ORDENADA",4,1.7601,7952.174523853947,true
"Bubble Sort","Paralelo",4,5000,"ORDENADA",5,0.8256,8709.00318204027,true
"Bubble Sort","Paralelo",8,5000,"ORDENADA",1,1.9379,7855.975783776444,true
"Bubble Sort","Paralelo",8,5000,"ORDENADA",2,1.8404,7907.578264392236,true
"Bubble Sort","Paralelo",8,5000,"ORDENADA",3,2.9024,7452.235522064212,true
"Bubble Sort","Paralelo",8,5000,"ORDENADA",4,2.3217,7675.357747681394,true
"Bubble Sort","Paralelo",8,5000,"ORDENADA",5,2.0869,7781.930773058787,true
"Insertion Sort","Paralelo",1,5000,"ORDENADA",1,0.0117,10000.0,true
"Insertion Sort","Paralelo",1,5000,"ORDENADA",2,0.0087,10000.0,true
"Insertion Sort","Paralelo",1,5000,"ORDENADA",3,0.0101,10000.0,true
"Insertion Sort","Paralelo",1,5000,"ORDENADA",4,0.009,10000.0,true
"Insertion Sort","Paralelo",1,5000,"ORDENADA",5,0.0088,10000.0,true
"Insertion Sort","Paralelo",2,5000,"ORDENADA",1,1.1089,8414.046413849655,true
"Insertion Sort","Paralelo",2,5000,"ORDENADA",2,0.6278,8982.852378108524,true
"Insertion Sort","Paralelo",2,5000,"ORDENADA",3,0.6005,9027.305921666908,true
"Insertion Sort","Paralelo",2,5000,"ORDENADA",4,1.3069,8249.796616641584,true
"Insertion Sort","Paralelo",2,5000,"ORDENADA",5,3.5986,7237.367771605721,true
"Insertion Sort","Paralelo",4,5000,"ORDENADA",1,2.0648,7792.5726967494575,true
"Insertion Sort","Paralelo",4,5000,"ORDENADA",2,1.0072,8510.220407381925,true
"Insertion Sort","Paralelo",4,5000,"ORDENADA",3,0.6605,8932.083437711559,true
"Insertion Sort","Paralelo",4,5000,"ORDENADA",4,0.7864,8757.640169198216,true
"Insertion Sort","Paralelo",4,5000,"ORDENADA",5,0.6966,8878.876422762345,true
"Insertion Sort","Paralelo",8,5000,"ORDENADA",1,1.107,8415.760913184375,true
"Insertion Sort","Paralelo",8,5000,"ORDENADA",2,1.012,8505.467000070848,true
"Insertion Sort","Paralelo",8,5000,"ORDENADA",3,1.2786,8271.683149374961,true
"Insertion Sort","Paralelo",8,5000,"ORDENADA",4,0.9632,8554.880017291114,true
"Insertion Sort","Paralelo",8,5000,"ORDENADA",5,1.7662,7948.716022989112,true
"Quick Sort","Paralelo",1,5000,"ORDENADA",1,1.1384,8387.797077707575,true
"Quick Sort","Paralelo",1,5000,"ORDENADA",2,1.4371,8154.8533760209575,true
"Quick Sort","Paralelo",1,5000,"ORDENADA",3,0.386,9469.188297953777,true
"Quick Sort","Paralelo",1,5000,"ORDENADA",4,0.4556,9303.424354674173,true
"Quick Sort","Paralelo",1,5000,"ORDENADA",5,0.4253,9372.23872452139,true
"Quick Sort","Paralelo",2,5000,"ORDENADA",1,0.5218,9167.76845225062,true
"Quick Sort","Paralelo",2,5000,"ORDENADA",2,0.4316,9357.535553289039,true
"Quick Sort","Paralelo",2,5000,"ORDENADA",3,0.401,9431.067239875958,true
"Quick Sort","Paralelo",2,5000,"ORDENADA",4,0.4498,9316.235386827002,true
"Quick Sort","Paralelo",2,5000,"ORDENADA",5,0.3622,9532.824362325413,true
"Quick Sort","Paralelo",4,5000,"ORDENADA",1,0.3708,9509.359793956957,true
"Quick Sort","Paralelo",4,5000,"ORDENADA",2,0.4242,9374.828264669084,true
"Quick Sort","Paralelo",4,5000,"ORDENADA",3,0.35,9567.085313465028,true
"Quick Sort","Paralelo",4,5000,"ORDENADA",4,0.3558,9550.650852634886,true
"Quick Sort","Paralelo",4,5000,"ORDENADA",5,0.3574,9546.164345118474,true
"Quick Sort","Paralelo",8,5000,"ORDENADA",1,0.4242,9374.828264669084,true
"Quick Sort","Paralelo",8,5000,"ORDENADA",2,0.3808,9482.750324581139,true
"Quick Sort","Paralelo",8,5000,"ORDENADA",3,0.3266,9636.27760772875,true
"Quick Sort","Paralelo",8,5000,"ORDENADA",4,0.6663,8923.341701951558,true
"Quick Sort","Paralelo",8,5000,"ORDENADA",5,0.4837,9243.580325890425,true
"Merge Sort","Paralelo",1,5000,"ORDENADA",1,0.9825,8535.044607351361,true
"Merge Sort","Paralelo",1,5000,"ORDENADA",2,0.5893,9046.130931609563,true
"Merge Sort","Paralelo",1,5000,"ORDENADA",3,0.5313,9149.727891296283,true
"Merge Sort","Paralelo",1,5000,"ORDENADA",4,0.5223,9166.810789500556,true
"Merge Sort","Paralelo",1,5000,"ORDENADA",5,0.5518,9111.873162525972,true
"Merge Sort","Paralelo",2,5000,"ORDENADA",1,0.6284,8981.897236119838,true
"Merge Sort","Paralelo",2,5000,"ORDENADA",2,0.5892,9046.300618867312,true
"Merge Sort","Paralelo",2,5000,"ORDENADA",3,0.5552,9105.731095041294,true
"Merge Sort","Paralelo",2,5000,"ORDENADA",4,0.5737,9072.956592208418,true
"Merge Sort","Paralelo",2,5000,"ORDENADA",5,0.5115,9187.703179774406,true
"Merge Sort","Paralelo",4,5000,"ORDENADA",1,0.6402,8963.29587466619,true
"Merge Sort","Paralelo",4,5000,"ORDENADA",2,0.5342,9144.285004015528,true
"Merge Sort","Paralelo",4,5000,"ORDENADA",3,0.5203,9170.64695668825,true
"Merge Sort","Paralelo",4,5000,"ORDENADA",4,0.607,9016.541071970492,true
"Merge Sort","Paralelo",4,5000,"ORDENADA",5,0.4825,9246.064044963508,true
"Merge Sort","Paralelo",8,5000,"ORDENADA",1,0.5739,9072.608078697338,true
"Merge Sort","Paralelo",8,5000,"ORDENADA",2,0.5551,9105.911206539995,true
"Merge Sort","Paralelo",8,5000,"ORDENADA",3,0.4991,9212.241808941126,true
"Merge Sort","Paralelo",8,5000,"ORDENADA",4,0.4872,9236.371189255718,true
"Merge Sort","Paralelo",8,5000,"ORDENADA",5,0.478,9255.43333333753,true
"Bubble Sort","Serial",1,10000,"ORDENADA",1,0.0052,10000.0,true
"Bubble Sort","Serial",1,10000,"ORDENADA",2,0.0045,10000.0,true
"Bubble Sort","Serial",1,10000,"ORDENADA",3,0.0045,10000.0,true
"Bubble Sort","Serial",1,10000,"ORDENADA",4,0.0045,10000.0,true
"Bubble Sort","Serial",1,10000,"ORDENADA",5,0.0045,10000.0,true
"Insertion Sort","Serial",1,10000,"ORDENADA",1,0.019,10000.0,true
"Insertion Sort","Serial",1,10000,"ORDENADA",2,0.0185,10000.0,true
"Insertion Sort","Serial",1,10000,"ORDENADA",3,0.0287,10000.0,true
"Insertion Sort","Serial",1,10000,"ORDENADA",4,0.0184,10000.0,true
"Insertion Sort","Serial",1,10000,"ORDENADA",5,0.0184,10000.0,true
"Quick Sort","Serial",1,10000,"ORDENADA",1,0.1662,10000.0,true
"Quick Sort","Serial",1,10000,"ORDENADA",2,0.1607,10000.0,true
"Quick Sort","Serial",1,10000,"ORDENADA",3,0.1602,10000.0,true
"Quick Sort","Serial",1,10000,"ORDENADA",4,0.1578,10000.0,true
"Quick Sort","Serial",1,10000,"ORDENADA",5,0.1747,10000.0,true
"Merge Sort","Serial",1,10000,"ORDENADA",1,0.4333,10000.0,true
"Merge Sort","Serial",1,10000,"ORDENADA",2,0.4345,10000.0,true
"Merge Sort","Serial",1,10000,"ORDENADA",3,0.4034,10000.0,true
"Merge Sort","Serial",1,10000,"ORDENADA",4,0.5188,9866.629077170312,true
"Merge Sort","Serial",1,10000,"ORDENADA",5,0.3972,10000.0,true
"Bubble Sort","Paralelo",1,10000,"ORDENADA",1,0.0066,10000.0,true
"Bubble Sort","Paralelo",1,10000,"ORDENADA",2,0.0047,10000.0,true
"Bubble Sort","Paralelo",1,10000,"ORDENADA",3,0.0046,10000.0,true
"Bubble Sort","Paralelo",1,10000,"ORDENADA",4,0.0045,10000.0,true
"Bubble Sort","Paralelo",1,10000,"ORDENADA",5,0.0046,10000.0,true
"Bubble Sort","Paralelo",2,10000,"ORDENADA",1,0.7272,9528.96682545108,true
"Bubble Sort","Paralelo",2,10000,"ORDENADA",2,0.4425,10000.0,true
"Bubble Sort","Paralelo",2,10000,"ORDENADA",3,0.5706,9771.464270551061,true
"Bubble Sort","Paralelo",2,10000,"ORDENADA",4,0.3885,10000.0,true
"Bubble Sort","Paralelo",2,10000,"ORDENADA",5,0.3777,10000.0,true
"Bubble Sort","Paralelo",4,10000,"ORDENADA",1,1.0713,9141.5746319518,true
"Bubble Sort","Paralelo",4,10000,"ORDENADA",2,0.8048,9427.582328374503,true
"Bubble Sort","Paralelo",4,10000,"ORDENADA",3,1.6668,8699.601417520453,true
"Bubble Sort","Paralelo",4,10000,"ORDENADA",4,1.8113,8616.476666057391,true
"Bubble Sort","Paralelo",4,10000,"ORDENADA",5,2.0968,8470.137656969344,true
"Bubble Sort","Paralelo",8,10000,"ORDENADA",1,1.5285,8786.20634794706,true
"Bubble Sort","Paralelo",8,10000,"ORDENADA",2,1.2747,8967.756977045834,true
"Bubble Sort","Paralelo",8,10000,"ORDENADA",3,1.2004,9027.805570187884,true
"Bubble Sort","Paralelo",8,10000,"ORDENADA",4,1.0329,9178.073276611687,true
"Bubble Sort","Paralelo",8,10000,"ORDENADA",5,2.0897,8473.528805141079,true
"Insertion Sort","Paralelo",1,10000,"ORDENADA",1,0.0201,10000.0,true
"Insertion Sort","Paralelo",1,10000,"ORDENADA",2,0.0179,10000.0,true
"Insertion Sort","Paralelo",1,10000,"ORDENADA",3,0.0185,10000.0,true
"Insertion Sort","Paralelo",1,10000,"ORDENADA",4,0.0185,10000.0,true
"Insertion Sort","Paralelo",1,10000,"ORDENADA",5,0.0182,10000.0,true
"Insertion Sort","Paralelo",2,10000,"ORDENADA",1,1.2187,9012.677517703318,true
"Insertion Sort","Paralelo",2,10000,"ORDENADA",2,0.6391,9658.098622259926,true
"Insertion Sort","Paralelo",2,10000,"ORDENADA",3,0.5322,9841.129510998597,true
"Insertion Sort","Paralelo",2,10000,"ORDENADA",4,0.5015,9900.54219229886,true
"Insertion Sort","Paralelo",2,10000,"ORDENADA",5,0.4022,10000.0,true
"Insertion Sort","Paralelo",4,10000,"ORDENADA",1,0.6964,9572.241080639535,true
"Insertion Sort","Paralelo",4,10000,"ORDENADA",2,0.6504,9640.57313060971,true
"Insertion Sort","Paralelo",4,10000,"ORDENADA",3,0.7038,9561.67180359428,true
"Insertion Sort","Paralelo",4,10000,"ORDENADA",4,0.6014,9718.895518595555,true
"Insertion Sort","Paralelo",4,10000,"ORDENADA",5,0.5612,9788.074421155345,true
"Insertion Sort","Paralelo",8,10000,"ORDENADA",1,1.1185,9098.463713773392,true
"Insertion Sort","Paralelo",8,10000,"ORDENADA",2,1.3832,8886.07902702391,true
"Insertion Sort","Paralelo",8,10000,"ORDENADA",3,1.1338,9084.87892264109,true
"Insertion Sort","Paralelo",8,10000,"ORDENADA",4,1.2375,8997.370898859075,true
"Insertion Sort","Paralelo",8,10000,"ORDENADA",5,1.213,9017.365034658018,true
"Quick Sort","Paralelo",1,10000,"ORDENADA",1,0.6443,9649.995622738199,true
"Quick Sort","Paralelo",1,10000,"ORDENADA",2,0.555,9799.183035671816,true
"Quick Sort","Paralelo",1,10000,"ORDENADA",3,0.5072,9889.240966549089,true
"Quick Sort","Paralelo",1,10000,"ORDENADA",4,0.4844,9935.233078106205,true
"Quick Sort","Paralelo",1,10000,"ORDENADA",5,0.4791,9946.234215921595,true
"Quick Sort","Paralelo",2,10000,"ORDENADA",1,0.5061,9891.411981457644,true
"Quick Sort","Paralelo",2,10000,"ORDENADA",2,0.4844,9935.233078106205,true
"Quick Sort","Paralelo",2,10000,"ORDENADA",3,0.46,9986.915160417211,true
"Quick Sort","Paralelo",2,10000,"ORDENADA",4,0.4133,10000.0,true
"Quick Sort","Paralelo",2,10000,"ORDENADA",5,0.4167,10000.0,true
"Quick Sort","Paralelo",4,10000,"ORDENADA",1,0.4723,9960.528502940948,true
"Quick Sort","Paralelo",4,10000,"ORDENADA",2,0.4523,10000.0,true
"Quick Sort","Paralelo",4,10000,"ORDENADA",3,0.4361,10000.0,true
"Quick Sort","Paralelo",4,10000,"ORDENADA",4,0.4234,10000.0,true
"Quick Sort","Paralelo",4,10000,"ORDENADA",5,0.4427,10000.0,true
"Quick Sort","Paralelo",8,10000,"ORDENADA",1,0.5936,9731.949317343415,true
"Quick Sort","Paralelo",8,10000,"ORDENADA",2,0.6412,9654.818348167322,true
"Quick Sort","Paralelo",8,10000,"ORDENADA",3,0.4551,9997.623984900174,true
"Quick Sort","Paralelo",8,10000,"ORDENADA",4,0.93,9283.004060486785,true
"Quick Sort","Paralelo",8,10000,"ORDENADA",5,0.5667,9778.322256177064,true
"Merge Sort","Paralelo",1,10000,"ORDENADA",1,1.1684,9054.821913619473,true
"Merge Sort","Paralelo",1,10000,"ORDENADA",2,1.1198,9097.302247774234,true
"Merge Sort","Paralelo",1,10000,"ORDENADA",3,0.9945,9215.95499771947,true
"Merge Sort","Paralelo",1,10000,"ORDENADA",4,0.8266,9400.857405464538,true
"Merge Sort","Paralelo",1,10000,"ORDENADA",5,0.7928,9442.603944800048,true
"Merge Sort","Paralelo",2,10000,"ORDENADA",1,0.8505,9372.356285505857,true
"Merge Sort","Paralelo",2,10000,"ORDENADA",2,0.7791,9460.034150586682,true
"Merge Sort","Paralelo",2,10000,"ORDENADA",3,0.7694,9472.561597680395,true
"Merge Sort","Paralelo",2,10000,"ORDENADA",4,0.7681,9474.252525003945,true
"Merge Sort","Paralelo",2,10000,"ORDENADA",5,0.758,9487.488062443274,true
"Merge Sort","Paralelo",4,10000,"ORDENADA",1,0.8682,9351.76036432419,true
"Merge Sort","Paralelo",4,10000,"ORDENADA",2,0.9368,9275.719514287115,true
"Merge Sort","Paralelo",4,10000,"ORDENADA",3,1.1827,9042.658674707904,true
"Merge Sort","Paralelo",4,10000,"ORDENADA",4,0.7237,9533.791076467656,true
"Merge Sort","Paralelo",4,10000,"ORDENADA",5,0.6986,9569.087176145493,true
"Merge Sort","Paralelo",8,10000,"ORDENADA",1,0.9123,9302.217993445687,true
"Merge Sort","Paralelo",8,10000,"ORDENADA",2,0.7766,9463.247890645373,true
"Merge Sort","Paralelo",8,10000,"ORDENADA",3,0.9108,9303.863392621204,true
"Merge Sort","Paralelo",8,10000,"ORDENADA",4,1.0309,9180.011249542571,true
"Merge Sort","Paralelo",8,10000,"ORDENADA",5,0.778,9461.446923753667,true
"Bubble Sort","Serial",1,100000,"ORDENADA",1,0.0411,10000.0,true
"Bubble Sort","Serial",1,100000,"ORDENADA",2,0.0409,10000.0,true
"Bubble Sort","Serial",1,100000,"ORDENADA",3,0.0402,10000.0,true
"Bubble Sort","Serial",1,100000,"ORDENADA",4,0.0408,10000.0,true
"Bubble Sort","Serial",1,100000,"ORDENADA",5,0.0392,10000.0,true
"Insertion Sort","Serial",1,100000,"ORDENADA",1,0.2114,10000.0,true
"Insertion Sort","Serial",1,100000,"ORDENADA",2,0.1681,10000.0,true
"Insertion Sort","Serial",1,100000,"ORDENADA",3,0.1674,10000.0,true
"Insertion Sort","Serial",1,100000,"ORDENADA",4,0.1673,10000.0,true
"Insertion Sort","Serial",1,100000,"ORDENADA",5,0.1778,10000.0,true
"Quick Sort","Serial",1,100000,"ORDENADA",1,1.9517,10000.0,true
"Quick Sort","Serial",1,100000,"ORDENADA",2,1.9799,10000.0,true
"Quick Sort","Serial",1,100000,"ORDENADA",3,1.8506,10000.0,true
"Quick Sort","Serial",1,100000,"ORDENADA",4,1.8454,10000.0,true
"Quick Sort","Serial",1,100000,"ORDENADA",5,1.877,10000.0,true
"Merge Sort","Serial",1,100000,"ORDENADA",1,5.8631,9744.305620300258,true
"Merge Sort","Serial",1,100000,"ORDENADA",2,5.8738,9742.482417397105,true
"Merge Sort","Serial",1,100000,"ORDENADA",3,5.7924,9756.436673820386,true
"Merge Sort","Serial",1,100000,"ORDENADA",4,5.1228,9879.275527088339,true
"Merge Sort","Serial",1,100000,"ORDENADA",5,5.0618,9891.25393042186,true
"Bubble Sort","Paralelo",1,100000,"ORDENADA",1,0.0436,10000.0,true
"Bubble Sort","Paralelo",1,100000,"ORDENADA",2,0.0384,10000.0,true
"Bubble Sort","Paralelo",1,100000,"ORDENADA",3,0.0385,10000.0,true
"Bubble Sort","Paralelo",1,100000,"ORDENADA",4,0.0387,10000.0,true
"Bubble Sort","Paralelo",1,100000,"ORDENADA",5,0.04,10000.0,true
"Bubble Sort","Paralelo",2,100000,"ORDENADA",1,3.4738,10000.0,true
"Bubble Sort","Paralelo",2,100000,"ORDENADA",2,4.6732,9971.128134017466,true
"Bubble Sort","Paralelo",2,100000,"ORDENADA",3,0.8728,10000.0,true
"Bubble Sort","Paralelo",2,100000,"ORDENADA",4,0.6622,10000.0,true
"Bubble Sort","Paralelo",2,100000,"ORDENADA",5,0.6058,10000.0,true
"Bubble Sort","Paralelo",4,100000,"ORDENADA",1,0.9122,10000.0,true
"Bubble Sort","Paralelo",4,100000,"ORDENADA",2,0.8322,10000.0,true
"Bubble Sort","Paralelo",4,100000,"ORDENADA",3,0.9275,10000.0,true
"Bubble Sort","Paralelo",4,100000,"ORDENADA",4,0.8358,10000.0,true
"Bubble Sort","Paralelo",4,100000,"ORDENADA",5,1.0217,10000.0,true
"Bubble Sort","Paralelo",8,100000,"ORDENADA",1,1.74,10000.0,true
"Bubble Sort","Paralelo",8,100000,"ORDENADA",2,1.5206,10000.0,true
"Bubble Sort","Paralelo",8,100000,"ORDENADA",3,1.3945,10000.0,true
"Bubble Sort","Paralelo",8,100000,"ORDENADA",4,1.2907,10000.0,true
"Bubble Sort","Paralelo",8,100000,"ORDENADA",5,1.3004,10000.0,true
"Insertion Sort","Paralelo",1,100000,"ORDENADA",1,0.1912,10000.0,true
"Insertion Sort","Paralelo",1,100000,"ORDENADA",2,0.1742,10000.0,true
"Insertion Sort","Paralelo",1,100000,"ORDENADA",3,0.1781,10000.0,true
"Insertion Sort","Paralelo",1,100000,"ORDENADA",4,0.1732,10000.0,true
"Insertion Sort","Paralelo",1,100000,"ORDENADA",5,0.1718,10000.0,true
"Insertion Sort","Paralelo",2,100000,"ORDENADA",1,0.9301,10000.0,true
"Insertion Sort","Paralelo",2,100000,"ORDENADA",2,0.7353,10000.0,true
"Insertion Sort","Paralelo",2,100000,"ORDENADA",3,0.7388,10000.0,true
"Insertion Sort","Paralelo",2,100000,"ORDENADA",4,0.6876,10000.0,true
"Insertion Sort","Paralelo",2,100000,"ORDENADA",5,0.7957,10000.0,true
"Insertion Sort","Paralelo",4,100000,"ORDENADA",1,1.0854,10000.0,true
"Insertion Sort","Paralelo",4,100000,"ORDENADA",2,1.0925,10000.0,true
"Insertion Sort","Paralelo",4,100000,"ORDENADA",3,1.1401,10000.0,true
"Insertion Sort","Paralelo",4,100000,"ORDENADA",4,1.1567,10000.0,true
"Insertion Sort","Paralelo",4,100000,"ORDENADA",5,1.0556,10000.0,true
"Insertion Sort","Paralelo",8,100000,"ORDENADA",1,1.3978,10000.0,true
"Insertion Sort","Paralelo",8,100000,"ORDENADA",2,1.3728,10000.0,true
"Insertion Sort","Paralelo",8,100000,"ORDENADA",3,1.4784,10000.0,true
"Insertion Sort","Paralelo",8,100000,"ORDENADA",4,1.5301,10000.0,true
"Insertion Sort","Paralelo",8,100000,"ORDENADA",5,1.4217,10000.0,true
"Quick Sort","Paralelo",1,100000,"ORDENADA",1,2.4486,10000.0,true
"Quick Sort","Paralelo",1,100000,"ORDENADA",2,2.1671,10000.0,true
"Quick Sort","Paralelo",1,100000,"ORDENADA",3,2.1068,10000.0,true
"Quick Sort","Paralelo",1,100000,"ORDENADA",4,2.1509,10000.0,true
"Quick Sort","Paralelo",1,100000,"ORDENADA",5,2.2985,10000.0,true
"Quick Sort","Paralelo",2,100000,"ORDENADA",1,1.7467,10000.0,true
"Quick Sort","Paralelo",2,100000,"ORDENADA",2,1.5401,10000.0,true
"Quick Sort","Paralelo",2,100000,"ORDENADA",3,1.755,10000.0,true
"Quick Sort","Paralelo",2,100000,"ORDENADA",4,1.661,10000.0,true
"Quick Sort","Paralelo",2,100000,"ORDENADA",5,1.6116,10000.0,true
"Quick Sort","Paralelo",4,100000,"ORDENADA",1,1.556,10000.0,true
"Quick Sort","Paralelo",4,100000,"ORDENADA",2,1.3749,10000.0,true
"Quick Sort","Paralelo",4,100000,"ORDENADA",3,1.2817,10000.0,true
"Quick Sort","Paralelo",4,100000,"ORDENADA",4,1.4586,10000.0,true
"Quick Sort","Paralelo",4,100000,"ORDENADA",5,1.2863,10000.0,true
"Quick Sort","Paralelo",8,100000,"ORDENADA",1,1.82,10000.0,true
"Quick Sort","Paralelo",8,100000,"ORDENADA",2,1.7343,10000.0,true
"Quick Sort","Paralelo",8,100000,"ORDENADA",3,1.9135,10000.0,true
"Quick Sort","Paralelo",8,100000,"ORDENADA",4,1.4382,10000.0,true
"Quick Sort","Paralelo",8,100000,"ORDENADA",5,1.4005,10000.0,true
"Merge Sort","Paralelo",1,100000,"ORDENADA",1,5.0913,9885.443175971013,true
"Merge Sort","Paralelo",1,100000,"ORDENADA",2,5.2803,9848.995352290302,true
"Merge Sort","Paralelo",1,100000,"ORDENADA",3,5.2613,9852.599932083729,true
"Merge Sort","Paralelo",1,100000,"ORDENADA",4,5.391,9828.248477047606,true
"Merge Sort","Paralelo",1,100000,"ORDENADA",5,5.5747,9794.74270617733,true
"Merge Sort","Paralelo",2,100000,"ORDENADA",1,3.2809,10000.0,true
"Merge Sort","Paralelo",2,100000,"ORDENADA",2,3.0841,10000.0,true
"Merge Sort","Paralelo",2,100000,"ORDENADA",3,3.286,10000.0,true
"Merge Sort","Paralelo",2,100000,"ORDENADA",4,3.5101,10000.0,true
"Merge Sort","Paralelo",2,100000,"ORDENADA",5,4.1654,10000.0,true
"Merge Sort","Paralelo",4,100000,"ORDENADA",1,2.6444,10000.0,true
"Merge Sort","Paralelo",4,100000,"ORDENADA",2,2.4467,10000.0,true
"Merge Sort","Paralelo",4,100000,"ORDENADA",3,2.2829,10000.0,true
"Merge Sort","Paralelo",4,100000,"ORDENADA",4,2.3958,10000.0,true
"Merge Sort","Paralelo",4,100000,"ORDENADA",5,2.5509,10000.0,true
"Merge Sort","Paralelo",8,100000,"ORDENADA",1,2.22,10000.0,true
"Merge Sort","Paralelo",8,100000,"ORDENADA",2,2.1659,10000.0,true
"Merge Sort","Paralelo",8,100000,"ORDENADA",3,2.3315,10000.0,true
"Merge Sort","Paralelo",8,100000,"ORDENADA",4,2.1678,10000.0,true
"Merge Sort","Paralelo",8,100000,"ORDENADA",5,2.4045,10000.0,true
"Bubble Sort","Serial",1,1000,"QUASE_ORDENADA",1,0.2489,8298.70821762026,true
"Bubble Sort","Serial",1,1000,"QUASE_ORDENADA",2,0.2302,8376.792235184537,true
"Bubble Sort","Serial",1,1000,"QUASE_ORDENADA",3,0.2401,8334.695125917675,true
"Bubble Sort","Serial",1,1000,"QUASE_ORDENADA",4,0.2395,8337.196612437758,true
"Bubble Sort","Serial",1,1000,"QUASE_ORDENADA",5,0.2255,8397.415873600237,true
"Insertion Sort","Serial",1,1000,"QUASE_ORDENADA",1,0.0151,10000.0,true
"Insertion Sort","Serial",1,1000,"QUASE_ORDENADA",2,0.0134,10000.0,true
"Insertion Sort","Serial",1,1000,"QUASE_ORDENADA",3,0.0126,10000.0,true
"Insertion Sort","Serial",1,1000,"QUASE_ORDENADA",4,0.0124,10000.0,true
"Insertion Sort","Serial",1,1000,"QUASE_ORDENADA",5,0.0124,10000.0,true
"Quick Sort","Serial",1,1000,"QUASE_ORDENADA",1,0.0405,10000.0,true
"Quick Sort","Serial",1,1000,"QUASE_ORDENADA",2,0.0345,10000.0,true
"Quick Sort","Serial",1,1000,"QUASE_ORDENADA",3,0.0306,10000.0,true
"Quick Sort","Serial",1,1000,"QUASE_ORDENADA",4,0.0281,10000.0,true
"Quick Sort","Serial",1,1000,"QUASE_ORDENADA",5,0.0268,10000.0,true
"Merge Sort","Serial",1,1000,"QUASE_ORDENADA",1,0.0506,9891.609580390717,true
"Merge Sort","Serial",1,1000,"QUASE_ORDENADA",2,0.0423,10000.0,true
"Merge Sort","Serial",1,1000,"QUASE_ORDENADA",3,0.0399,10000.0,true
"Merge Sort","Serial",1,1000,"QUASE_ORDENADA",4,0.0404,10000.0,true
"Merge Sort","Serial",1,1000,"QUASE_ORDENADA",5,0.0393,10000.0,true
"Bubble Sort","Paralelo",1,1000,"QUASE_ORDENADA",1,0.2496,8295.900490324104,true
"Bubble Sort","Paralelo",1,1000,"QUASE_ORDENADA",2,0.2432,8321.869578303937,true
"Bubble Sort","Paralelo",1,1000,"QUASE_ORDENADA",3,0.244,8318.586302907914,true
"Bubble Sort","Paralelo",1,1000,"QUASE_ORDENADA",4,0.2305,8375.490168966528,true
"Bubble Sort","Paralelo",1,1000,"QUASE_ORDENADA",5,0.2347,8357.43712756956,true
"Bubble Sort","Paralelo",2,1000,"QUASE_ORDENADA",1,0.5939,7429.39332665365,true
"Bubble Sort","Paralelo",2,1000,"QUASE_ORDENADA",2,0.5544,7498.178356465677,true
"Bubble Sort","Paralelo",2,1000,"QUASE_ORDENADA",3,0.4831,7635.769869748678,true
"Bubble Sort","Paralelo",2,1000,"QUASE_ORDENADA",4,0.5318,7539.774737799848,true
"Bubble Sort","Paralelo",2,1000,"QUASE_ORDENADA",5,0.456,7693.473644513483,true
"Bubble Sort","Paralelo",4,1000,"QUASE_ORDENADA",1,0.6476,7342.884726558402,true
"Bubble Sort","Paralelo",4,1000,"QUASE_ORDENADA",2,0.6519,7336.271069639278,true
"Bubble Sort","Paralelo",4,1000,"QUASE_ORDENADA",3,0.7147,7244.362128461919,true
"Bubble Sort","Paralelo",4,1000,"QUASE_ORDENADA",4,0.7982,7133.949246957436,true
"Bubble Sort","Paralelo",4,1000,"QUASE_ORDENADA",5,0.5737,7463.977481853518,true
"Bubble Sort","Paralelo",8,1000,"QUASE_ORDENADA",1,0.8591,7060.483959505076,true
"Bubble Sort","Paralelo",8,1000,"QUASE_ORDENADA",2,0.8469,7074.774475619263,true
"Bubble Sort","Paralelo",8,1000,"QUASE_ORDENADA",3,4.9649,5310.314738202742,true
"Bubble Sort","Paralelo",8,1000,"QUASE_ORDENADA",4,1.0603,6850.263130311504,true
"Bubble Sort","Paralelo",8,1000,"QUASE_ORDENADA",5,0.9511,6958.84199646691,true
"Insertion Sort","Paralelo",1,1000,"QUASE_ORDENADA",1,0.0169,10000.0,true
"Insertion Sort","Paralelo",1,1000,"QUASE_ORDENADA",2,0.0139,10000.0,true
"Insertion Sort","Paralelo",1,1000,"QUASE_ORDENADA",3,0.013,10000.0,true
"Insertion Sort","Paralelo",1,1000,"QUASE_ORDENADA",4,0.0127,10000.0,true
"Insertion Sort","Paralelo",1,1000,"QUASE_ORDENADA",5,0.0127,10000.0,true
"Insertion Sort","Paralelo",2,1000,"QUASE_ORDENADA",1,0.478,7646.3777112672105,true
"Insertion Sort","Paralelo",2,1000,"QUASE_ORDENADA",2,0.3542,7946.0029699015295,true
"Insertion Sort","Paralelo",2,1000,"QUASE_ORDENADA",3,0.4187,7778.774497308791,true
"Insertion Sort","Paralelo",2,1000,"QUASE_ORDENADA",4,0.3131,8069.300980626338,true
"Insertion Sort","Paralelo",2,1000,"QUASE_ORDENADA",5,0.4297,7752.852874888717,true
"Insertion Sort","Paralelo",4,1000,"QUASE_ORDENADA",1,0.5205,7561.241034496112,true
"Insertion Sort","Paralelo",4,1000,"QUASE_ORDENADA",2,0.6327,7366.146681741176,true
"Insertion Sort","Paralelo",4,1000,"QUASE_ORDENADA",3,0.5332,7537.147027559111,true
"Insertion Sort","Paralelo",4,1000,"QUASE_ORDENADA",4,0.5241,7554.352014863716,true
"Insertion Sort","Paralelo",4,1000,"QUASE_ORDENADA",5,0.5703,7469.918157242538,true
"Insertion Sort","Paralelo",8,1000,"QUASE_ORDENADA",1,0.7574,7186.376155813946,true
"Insertion Sort","Paralelo",8,1000,"QUASE_ORDENADA",2,0.8468,7074.89246037072,true
"Insertion Sort","Paralelo",8,1000,"QUASE_ORDENADA",3,0.7089,7252.504733952384,true
"Insertion Sort","Paralelo",8,1000,"QUASE_ORDENADA",4,0.8238,7102.406236825315,true
"Insertion Sort","Paralelo",8,1000,"QUASE_ORDENADA",5,0.8705,7047.3129200906415,true
"Quick Sort","Paralelo",1,1000,"QUASE_ORDENADA",1,0.4513,7703.829449326103,true
"Quick Sort","Paralelo",1,1000,"QUASE_ORDENADA",2,0.3429,7978.41453971863,true
"Quick Sort","Paralelo",1,1000,"QUASE_ORDENADA",3,0.3507,7955.9300393372705,true
"Quick Sort","Paralelo",1,1000,"QUASE_ORDENADA",4,0.304,8098.7868103594155,true
"Quick Sort","Paralelo",1,1000,"QUASE_ORDENADA",5,0.2722,8209.24563070721,true
"Quick Sort","Paralelo",2,1000,"QUASE_ORDENADA",1,0.2806,8178.860950935096,true
"Quick Sort","Paralelo",2,1000,"QUASE_ORDENADA",2,0.297,8122.075375065805,true
"Quick Sort","Paralelo",2,1000,"QUASE_ORDENADA",3,0.2974,8120.729879723605,true
"Quick Sort","Paralelo",2,1000,"QUASE_ORDENADA",4,0.2675,8226.658455856468,true
"Quick Sort","Paralelo",2,1000,"QUASE_ORDENADA",5,0.329,8019.781753090269,true
"Quick Sort","Paralelo",4,1000,"QUASE_ORDENADA",1,0.2877,8153.879946029063,true
"Quick Sort","Paralelo",4,1000,"QUASE_ORDENADA",2,0.2694,8219.582657706347,true
"Quick Sort","Paralelo",4,1000,"QUASE_ORDENADA",3,0.2665,8230.402778853557,true
"Quick Sort","Paralelo",4,1000,"QUASE_ORDENADA",4,0.2631,8243.239435313291,true
"Quick Sort","Paralelo",4,1000,"QUASE_ORDENADA",5,0.2771,8191.409167710228,true
"Quick Sort","Paralelo",8,1000,"QUASE_ORDENADA",1,0.3205,8045.948730254395,true
"Quick Sort","Paralelo",8,1000,"QUASE_ORDENADA",2,0.2935,8133.926375633424,true
"Quick Sort","Paralelo",8,1000,"QUASE_ORDENADA",3,0.2736,8204.116934794225,true
"Quick Sort","Paralelo",8,1000,"QUASE_ORDENADA",4,0.3634,7920.369735988416,true
"Quick Sort","Paralelo",8,1000,"QUASE_ORDENADA",5,0.3332,8007.100792172794,true
"Merge Sort","Paralelo",1,1000,"QUASE_ORDENADA",1,0.3373,7994.875059023813,true
"Merge Sort","Paralelo",1,1000,"QUASE_ORDENADA",2,0.2909,8142.821850159918,true
"Merge Sort","Paralelo",1,1000,"QUASE_ORDENADA",3,0.2957,8126.460787395214,true
"Merge Sort","Paralelo",1,1000,"QUASE_ORDENADA",4,0.2947,8129.847324805109,true
"Merge Sort","Paralelo",1,1000,"QUASE_ORDENADA",5,0.2636,8241.341320599546,true
"Merge Sort","Paralelo",2,1000,"QUASE_ORDENADA",1,0.2774,8190.327411615277,true
"Merge Sort","Paralelo",2,1000,"QUASE_ORDENADA",2,0.3102,8078.603459119764,true
"Merge Sort","Paralelo",2,1000,"QUASE_ORDENADA",3,0.2797,8182.072618647608,true
"Merge Sort","Paralelo",2,1000,"QUASE_ORDENADA",4,0.3199,8047.821959851706,true
"Merge Sort","Paralelo",2,1000,"QUASE_ORDENADA",5,0.2642,8239.068330981376,true
"Merge Sort","Paralelo",4,1000,"QUASE_ORDENADA",1,0.3354,8000.522052341159,true
"Merge Sort","Paralelo",4,1000,"QUASE_ORDENADA",2,0.2996,8113.361861450091,true
"Merge Sort","Paralelo",4,1000,"QUASE_ORDENADA",3,0.2808,8178.148646395677,true
"Merge Sort","Paralelo",4,1000,"QUASE_ORDENADA",4,0.3367,7996.654875126521,true
"Merge Sort","Paralelo",4,1000,"QUASE_ORDENADA",5,0.3043,8097.800754771494,true
"Merge Sort","Paralelo",8,1000,"QUASE_ORDENADA",1,0.3155,8061.667326223347,true
"Merge Sort","Paralelo",8,1000,"QUASE_ORDENADA",2,0.3642,7918.171524366045,true
"Merge Sort","Paralelo",8,1000,"QUASE_ORDENADA",3,0.2781,8187.807858061717,true
"Merge Sort","Paralelo",8,1000,"QUASE_ORDENADA",4,0.3533,7948.546241203426,true
"Merge Sort","Paralelo",8,1000,"QUASE_ORDENADA",5,0.2959,8125.7848547883395,true
"Bubble Sort","Serial",1,5000,"QUASE_ORDENADA",1,6.3541,6669.362930766764,true
"Bubble Sort","Serial",1,5000,"QUASE_ORDENADA",2,6.2267,6689.591259186251,true
"Bubble Sort","Serial",1,5000,"QUASE_ORDENADA",3,6.2025,6693.480486048013,true
"Bubble Sort","Serial",1,5000,"QUASE_ORDENADA",4,6.3272,6673.600031198796,true
"Bubble Sort","Serial",1,5000,"QUASE_ORDENADA",5,6.1937,6694.898518401169,true
"Insertion Sort","Serial",1,5000,"QUASE_ORDENADA",1,0.2719,9819.56849728141,true
"Insertion Sort","Serial",1,5000,"QUASE_ORDENADA",2,0.2671,9837.37876885566,true
"Insertion Sort","Serial",1,5000,"QUASE_ORDENADA",3,0.2615,9858.566485525798,true
"Insertion Sort","Serial",1,5000,"QUASE_ORDENADA",4,0.2795,9792.002076240873,true
"Insertion Sort","Serial",1,5000,"QUASE_ORDENADA",5,0.285,9772.516288505285,true
"Quick Sort","Serial",1,5000,"QUASE_ORDENADA",1,0.2142,10000.0,true
"Quick Sort","Serial",1,5000,"QUASE_ORDENADA",2,0.1889,10000.0,true
"Quick Sort","Serial",1,5000,"QUASE_ORDENADA",3,0.1847,10000.0,true
"Quick Sort","Serial",1,5000,"QUASE_ORDENADA",4,0.1849,10000.0,true
"Quick Sort","Serial",1,5000,"QUASE_ORDENADA",5,0.1844,10000.0,true
"Merge Sort","Serial",1,5000,"QUASE_ORDENADA",1,0.27,9826.580509942052,true
"Merge Sort","Serial",1,5000,"QUASE_ORDENADA",2,0.2435,9929.880226689924,true
"Merge Sort","Serial",1,5000,"QUASE_ORDENADA",3,0.2404,9942.692346581516,true
"Merge Sort","Serial",1,5000,"QUASE_ORDENADA",4,0.2256,10000.0,true
"Merge Sort","Serial",1,5000,"QUASE_ORDENADA",5,0.2274,9998.283368047754,true
"Bubble Sort","Paralelo",1,5000,"QUASE_ORDENADA",1,6.3112,6676.128802662307,true
"Bubble Sort","Paralelo",1,5000,"QUASE_ORDENADA",2,6.2293,6689.174309040667,true
"Bubble Sort","Paralelo",1,5000,"QUASE_ORDENADA",3,6.4204,6658.996026633666,true
"Bubble Sort","Paralelo",1,5000,"QUASE_ORDENADA",4,6.2365,6688.020586600193,true
"Bubble Sort","Paralelo",1,5000,"QUASE_ORDENADA",5,6.2349,6688.276854071408,true
"Bubble Sort","Paralelo",2,5000,"QUASE_ORDENADA",1,2.2596,7702.45720286218,true
"Bubble Sort","Paralelo",2,5000,"QUASE_ORDENADA",2,1.9192,7865.668525225163,true
"Bubble Sort","Paralelo",2,5000,"QUASE_ORDENADA",3,1.829,7913.789555119,true
"Bubble Sort","Paralelo",2,5000,"QUASE_ORDENADA",4,1.9459,7851.857700723371,true
"Bubble Sort","Paralelo",2,5000,"QUASE_ORDENADA",5,2.0277,7810.696503414836,true
"Bubble Sort","Paralelo",4,5000,"QUASE_ORDENADA",1,1.1288,8396.263804379816,true
"Bubble Sort","Paralelo",4,5000,"QUASE_ORDENADA",2,1.2119,8325.246166054645,true
"Bubble Sort","Paralelo",4,5000,"QUASE_ORDENADA",3,1.0553,8463.5791424513,true
"Bubble Sort","Paralelo",4,5000,"QUASE_ORDENADA",4,0.9447,8574.269975776373,true
"Bubble Sort","Paralelo",4,5000,"QUASE_ORDENADA",5,0.9192,8601.628566967327,true
"Bubble Sort","Paralelo",8,5000,"QUASE_ORDENADA",1,1.0526,8466.14039532247,true
"Bubble Sort","Paralelo",8,5000,"QUASE_ORDENADA",2,1.1238,8400.702126465532,true
"Bubble Sort","Paralelo",8,5000,"QUASE_ORDENADA",3,1.1386,8387.62144795713,true
"Bubble Sort","Paralelo",8,5000,"QUASE_ORDENADA",4,1.1203,8403.820719736004,true
"Bubble Sort","Paralelo",8,5000,"QUASE_ORDENADA",5,0.9724,8545.375689047622,true
"Insertion Sort","Paralelo",1,5000,"QUASE_ORDENADA",1,0.2797,9791.286808625877,true
"Insertion Sort","Paralelo",1,5000,"QUASE_ORDENADA",2,0.2657,9842.633756220726,true
"Insertion Sort","Paralelo",1,5000,"QUASE_ORDENADA",3,0.2698,9827.32148516893,true
"Insertion Sort","Paralelo",1,5000,"QUASE_ORDENADA",4,0.2649,9845.649052716959,true
"Insertion Sort","Paralelo",1,5000,"QUASE_ORDENADA",5,0.2614,9858.948947841702,true
"Insertion Sort","Paralelo",2,5000,"QUASE_ORDENADA",1,0.5736,9073.130894533128,true
"Insertion Sort","Paralelo",2,5000,"QUASE_ORDENADA",2,0.4839,9243.166971916218,true
"Insertion Sort","Paralelo",2,5000,"QUASE_ORDENADA",3,0.4859,9239.042804264845,true
"Insertion Sort","Paralelo",2,5000,"QUASE_ORDENADA",4,0.4669,9278.926744061842,true
"Insertion Sort","Paralelo",2,5000,"QUASE_ORDENADA",5,0.4735,9264.89125328848,true
"Insertion Sort","Paralelo",4,5000,"QUASE_ORDENADA",1,0.5422,9129.421967454618,true
"Insertion Sort","Paralelo",4,5000,"QUASE_ORDENADA",2,0.5675,9083.821214602178,true
"Insertion Sort","Paralelo",4,5000,"QUASE_ORDENADA",3,0.6597,8933.295215466233,true
"Insertion Sort","Paralelo",4,5000,"QUASE_ORDENADA",4,0.508,9194.568617658962,true
"Insertion Sort","Paralelo",4,5000,"QUASE_ORDENADA",5,0.5241,9163.370779097022,true
"Insertion Sort","Paralelo",8,5000,"QUASE_ORDENADA",1,0.7753,8771.853467152901,true
"Insertion Sort","Paralelo",8,5000,"QUASE_ORDENADA",2,0.8126,8724.871993639803,true
"Insertion Sort","Paralelo",8,5000,"QUASE_ORDENADA",3,0.8444,8686.491020165588,true
"Insertion Sort","Paralelo",8,5000,"QUASE_ORDENADA",4,0.8374,8694.814082790122,true
"Insertion Sort","Paralelo",8,5000,"QUASE_ORDENADA",5,0.8134,8723.888143694294,true
"Quick Sort","Paralelo",1,5000,"QUASE_ORDENADA",1,0.5427,9128.500323438975,true
"Quick Sort","Paralelo",1,5000,"QUASE_ORDENADA",2,0.4904,9229.825160966844,true
"Quick Sort","Paralelo",1,5000,"QUASE_ORDENADA",3,0.4542,9306.501676601214,true
"Quick Sort","Paralelo",1,5000,"QUASE_ORDENADA",4,0.4233,9376.95197928804,true
"Quick Sort","Paralelo",1,5000,"QUASE_ORDENADA",5,0.4255,9371.768618764147,true
"Quick Sort","Paralelo",2,5000,"QUASE_ORDENADA",1,0.4966,9217.262912392403,true
"Quick Sort","Paralelo",2,5000,"QUASE_ORDENADA",2,0.4538,9307.382653934194,true
"Quick Sort","Paralelo",2,5000,"QUASE_ORDENADA",3,0.4506,9314.458558339667,true
"Quick Sort","Paralelo",2,5000,"QUASE_ORDENADA",4,0.4211,9382.162351684186,true
"Quick Sort","Paralelo",2,5000,"QUASE_ORDENADA",5,0.4086,9412.293504675956,true
"Quick Sort","Paralelo",4,5000,"QUASE_ORDENADA",1,0.5153,9180.302269753878,true
"Quick Sort","Paralelo",4,5000,"QUASE_ORDENADA",2,0.5061,9198.315407055943,true
"Quick Sort","Paralelo",4,5000,"QUASE_ORDENADA",3,0.5561,9104.11155002037,true
"Quick Sort","Paralelo",4,5000,"QUASE_ORDENADA",4,0.5585,9099.80554565114,true
"Quick Sort","Paralelo",4,5000,"QUASE_ORDENADA",5,0.65,8948.106099059425,true
"Quick Sort","Paralelo",8,5000,"QUASE_ORDENADA",1,0.9294,8590.595116473949,true
"Quick Sort","Paralelo",8,5000,"QUASE_ORDENADA",2,1.4144,8170.770618511993,true
"Quick Sort","Paralelo",8,5000,"QUASE_ORDENADA",3,0.7254,8838.370313026488,true
"Quick Sort","Paralelo",8,5000,"QUASE_ORDENADA",4,0.4944,9221.702439366589,true
"Quick Sort","Paralelo",8,5000,"QUASE_ORDENADA",5,0.4688,9274.865987740377,true
"Merge Sort","Paralelo",1,5000,"QUASE_ORDENADA",1,0.5753,9070.171879910233,true
"Merge Sort","Paralelo",1,5000,"QUASE_ORDENADA",2,0.5501,9114.958404465206,true
"Merge Sort","Paralelo",1,5000,"QUASE_ORDENADA",3,0.5329,9146.721255416393,true
"Merge Sort","Paralelo",1,5000,"QUASE_ORDENADA",4,0.5815,9059.453791677335,true
"Merge Sort","Paralelo",1,5000,"QUASE_ORDENADA",5,0.5674,9083.997421585256,true
"Merge Sort","Paralelo",2,5000,"QUASE_ORDENADA",1,0.5627,9092.314377626992,true
"Merge Sort","Paralelo",2,5000,"QUASE_ORDENADA",2,0.5253,9161.083996920042,true
"Merge Sort","Paralelo",2,5000,"QUASE_ORDENADA",3,0.5009,9208.642165017123,true
"Merge Sort","Paralelo",2,5000,"QUASE_ORDENADA",4,0.5033,9203.862711550184,true
"Merge Sort","Paralelo",2,5000,"QUASE_ORDENADA",5,0.5461,9122.255575276196,true
"Merge Sort","Paralelo",4,5000,"QUASE_ORDENADA",1,0.5783,9064.9713585461,true
"Merge Sort","Paralelo",4,5000,"QUASE_ORDENADA",2,0.5353,9142.228187268525,true
"Merge Sort","Paralelo",4,5000,"QUASE_ORDENADA",3,0.5076,9195.356249405337,true
"Merge Sort","Paralelo",4,5000,"QUASE_ORDENADA",4,0.5967,9033.653328749888,true
"Merge Sort","Paralelo",4,5000,"QUASE_ORDENADA",5,0.5291,9153.876834889747,true
"Merge Sort","Paralelo",8,5000,"QUASE_ORDENADA",1,0.5626,9092.492088012717,true
"Merge Sort","Paralelo",8,5000,"QUASE_ORDENADA",2,0.5294,9153.310055000482,true
"Merge Sort","Paralelo",8,5000,"QUASE_ORDENADA",3,0.4985,9213.444576026766,true
"Merge Sort","Paralelo",8,5000,"QUASE_ORDENADA",4,0.4894,9231.866194599868,true
"Merge Sort","Paralelo",8,5000,"QUASE_ORDENADA",5,0.4735,9264.89125328848,true
"Bubble Sort","Serial",1,10000,"QUASE_ORDENADA",1,26.0984,5951.072802490064,true
"Bubble Sort","Serial",1,10000,"QUASE_ORDENADA",2,27.7189,5890.993936378879,true
"Bubble Sort","Serial",1,10000,"QUASE_ORDENADA",3,27.0218,5916.39496001769,true
"Bubble Sort","Serial",1,10000,"QUASE_ORDENADA",4,26.6731,5929.348564108131,true
"Bubble Sort","Serial",1,10000,"QUASE_ORDENADA",5,26.7375,5926.943479456871,true
"Insertion Sort","Serial",1,10000,"QUASE_ORDENADA",1,1.1453,9074.78828399659,true
"Insertion Sort","Serial",1,10000,"QUASE_ORDENADA",2,1.1472,9073.130894533128,true
"Insertion Sort","Serial",1,10000,"QUASE_ORDENADA",3,1.1189,9098.106195885424,true
"Insertion Sort","Serial",1,10000,"QUASE_ORDENADA",4,1.0974,9117.50636031245,true
"Insertion Sort","Serial",1,10000,"QUASE_ORDENADA",5,1.1279,9090.095658952136,true
"Quick Sort","Serial",1,10000,"QUASE_ORDENADA",1,0.4511,10000.0,true
"Quick Sort","Serial",1,10000,"QUASE_ORDENADA",2,0.3894,10000.0,true
"Quick Sort","Serial",1,10000,"QUASE_ORDENADA",3,0.3851,10000.0,true
"Quick Sort","Serial",1,10000,"QUASE_ORDENADA",4,0.3719,10000.0,true
"Quick Sort","Serial",1,10000,"QUASE_ORDENADA",5,0.38,10000.0,true
"Merge Sort","Serial",1,10000,"QUASE_ORDENADA",1,0.6002,9720.892736150925,true
"Merge Sort","Serial",1,10000,"QUASE_ORDENADA",2,0.5367,9832.710040335352,true
"Merge Sort","Serial",1,10000,"QUASE_ORDENADA",3,0.5329,9839.815150235721,true
"Merge Sort","Serial",1,10000,"QUASE_ORDENADA",4,0.5063,9891.0169007008,true
"Merge Sort","Serial",1,10000,"QUASE_ORDENADA",5,0.5006,9902.338330707686,true
"Bubble Sort","Paralelo",1,10000,"QUASE_ORDENADA",1,28.4061,5866.573044231955,true
"Bubble Sort","Paralelo",1,10000,"QUASE_ORDENADA",2,26.0705,5952.139622621664,true
"Bubble Sort","Paralelo",1,10000,"QUASE_ORDENADA",3,27.8562,5886.06655654515,true
"Bubble Sort","Paralelo",1,10000,"QUASE_ORDENADA",4,26.0934,5951.263904771513,true
"Bubble Sort","Paralelo",1,10000,"QUASE_ORDENADA",5,26.3511,5941.461996314435,true
"Bubble Sort","Paralelo",2,10000,"QUASE_ORDENADA",1,6.9563,7271.388036341123,true
"Bubble Sort","Paralelo",2,10000,"QUASE_ORDENADA",2,7.5781,7185.835386379868,true
"Bubble Sort","Paralelo",2,10000,"QUASE_ORDENADA",3,6.8645,7284.663383121625,true
"Bubble Sort","Paralelo",2,10000,"QUASE_ORDENADA",4,7.2504,7230.0085095032255,true
"Bubble Sort","Paralelo",2,10000,"QUASE_ORDENADA",5,6.8336,7289.1718774869905,true
"Bubble Sort","Paralelo",4,10000,"QUASE_ORDENADA",1,2.1512,8444.529642868674,true
"Bubble Sort","Paralelo",4,10000,"QUASE_ORDENADA",2,2.2212,8412.514876925872,true
"Bubble Sort","Paralelo",4,10000,"QUASE_ORDENADA",3,2.3225,8367.92840330447,true
"Bubble Sort","Paralelo",4,10000,"QUASE_ORDENADA",4,2.1244,8457.063379847896,true
"Bubble Sort","Paralelo",4,10000,"QUASE_ORDENADA",5,2.1211,8458.617637441004,true
"Bubble Sort","Paralelo",8,10000,"QUASE_ORDENADA",1,1.4725,8823.525974592361,true
"Bubble Sort","Paralelo",8,10000,"QUASE_ORDENADA",2,1.4378,8847.369974073195,true
"Bubble Sort","Paralelo",8,10000,"QUASE_ORDENADA",3,1.4657,8828.153987184733,true
"Bubble Sort","Paralelo",8,10000,"QUASE_ORDENADA",4,1.543,8776.766086692138,true
"Bubble Sort","Paralelo",8,10000,"QUASE_ORDENADA",5,1.5082,8799.574293817579,true
"Insertion Sort","Paralelo",1,10000,"QUASE_ORDENADA",1,1.1441,9075.836473707097,true
"Insertion Sort","Paralelo",1,10000,"QUASE_ORDENADA",2,1.1199,9097.21296009926,true
"Insertion Sort","Paralelo",1,10000,"QUASE_ORDENADA",3,1.104,9111.510818027647,true
"Insertion Sort","Paralelo",1,10000,"QUASE_ORDENADA",4,1.1007,9114.504094871716,true
"Insertion Sort","Paralelo",1,10000,"QUASE_ORDENADA",5,1.0758,9137.383375332865,true
"Insertion Sort","Paralelo",2,10000,"QUASE_ORDENADA",1,0.8501,9372.826667721862,true
"Insertion Sort","Paralelo",2,10000,"QUASE_ORDENADA",2,0.7682,9474.12235209601,true
"Insertion Sort","Paralelo",2,10000,"QUASE_ORDENADA",3,0.7116,9550.650852634886,true
"Insertion Sort","Paralelo",2,10000,"QUASE_ORDENADA",4,0.6799,9596.21791011469,true
"Insertion Sort","Paralelo",2,10000,"QUASE_ORDENADA",5,0.6581,9628.804563330863,true
"Insertion Sort","Paralelo",4,10000,"QUASE_ORDENADA",1,0.5968,9726.573280287988,true
"Insertion Sort","Paralelo",4,10000,"QUASE_ORDENADA",2,0.6774,9599.901448280398,true
"Insertion Sort","Paralelo",4,10000,"QUASE_ORDENADA",3,0.6295,9673.232745492649,true
"Insertion Sort","Paralelo",4,10000,"QUASE_ORDENADA",4,0.617,9693.288325149564,true
"Insertion Sort","Paralelo",4,10000,"QUASE_ORDENADA",5,0.6212,9686.504677754421,true
"Insertion Sort","Paralelo",8,10000,"QUASE_ORDENADA",1,0.8726,9346.705646461878,true
"Insertion Sort","Paralelo",8,10000,"QUASE_ORDENADA",2,4.6032,7684.048872246288,true
"Insertion Sort","Paralelo",8,10000,"QUASE_ORDENADA",3,0.9347,9277.963494401734,true
"Insertion Sort","Paralelo",8,10000,"QUASE_ORDENADA",4,0.8157,9414.130577325133,true
"Insertion Sort","Paralelo",8,10000,"QUASE_ORDENADA",5,0.8228,9405.464769794704,true
"Quick Sort","Paralelo",1,10000,"QUASE_ORDENADA",1,0.7163,9544.06820477261,true
"Quick Sort","Paralelo",1,10000,"QUASE_ORDENADA",2,0.694,9575.693088043447,true
"Quick Sort","Paralelo",1,10000,"QUASE_ORDENADA",3,0.6911,9579.880227472986,true
"Quick Sort","Paralelo",1,10000,"QUASE_ORDENADA",4,0.6995,9567.799804406397,true
"Quick Sort","Paralelo",1,10000,"QUASE_ORDENADA",5,0.7131,9548.545295381624,true
"Quick Sort","Paralelo",2,10000,"QUASE_ORDENADA",1,0.6855,9588.015699606507,true
"Quick Sort","Paralelo",2,10000,"QUASE_ORDENADA",2,0.6787,9597.984314945545,true
"Quick Sort","Paralelo",2,10000,"QUASE_ORDENADA",3,0.7001,9566.942476524582,true
"Quick Sort","Paralelo",2,10000,"QUASE_ORDENADA",4,0.6529,9636.736960634433,true
"Quick Sort","Paralelo",2,10000,"QUASE_ORDENADA",5,0.7245,9532.686336573208,true
"Quick Sort","Paralelo",4,10000,"QUASE_ORDENADA",1,0.7482,9500.500146245397,true
"Quick Sort","Paralelo",4,10000,"QUASE_ORDENADA",2,0.6762,9601.674378398406,true
"Quick Sort","Paralelo",4,10000,"QUASE_ORDENADA",3,0.617,9693.288325149564,true
"Quick Sort","Paralelo",4,10000,"QUASE_ORDENADA",4,0.6077,9708.475079970589,true
"Quick Sort","Paralelo",4,10000,"QUASE_ORDENADA",5,0.5858,9745.175794848945,true
"Quick Sort","Paralelo",8,10000,"QUASE_ORDENADA",1,0.6767,9600.93527543063,true
"Quick Sort","Paralelo",8,10000,"QUASE_ORDENADA",2,0.5999,9721.392664499945,true
"Quick Sort","Paralelo",8,10000,"QUASE_ORDENADA",3,0.6344,9665.47941862545,true
"Quick Sort","Paralelo",8,10000,"QUASE_ORDENADA",4,0.6363,9662.48912869527,true
"Quick Sort","Paralelo",8,10000,"QUASE_ORDENADA",5,0.7054,9559.40117066854,true
"Merge Sort","Paralelo",1,10000,"QUASE_ORDENADA",1,0.8408,9383.825907861054,true
"Merge Sort","Paralelo",1,10000,"QUASE_ORDENADA",2,0.8182,9411.070662115948,true
"Merge Sort","Paralelo",1,10000,"QUASE_ORDENADA",3,0.8119,9418.799657794189,true
"Merge Sort","Paralelo",1,10000,"QUASE_ORDENADA",4,0.7466,9502.640741690919,true
"Merge Sort","Paralelo",1,10000,"QUASE_ORDENADA",5,0.7289,9526.631989913805,true
"Merge Sort","Paralelo",2,10000,"QUASE_ORDENADA",1,0.84,9384.777755593157,true
"Merge Sort","Paralelo",2,10000,"QUASE_ORDENADA",2,0.8696,9350.14927137052,true
"Merge Sort","Paralelo",2,10000,"QUASE_ORDENADA",3,0.7986,9435.315313140558,true
"Merge Sort","Paralelo",2,10000,"QUASE_ORDENADA",4,0.7981,9435.941554891708,true
"Merge Sort","Paralelo",2,10000,"QUASE_ORDENADA",5,0.7577,9487.883889150591,true
"Merge Sort","Paralelo",4,10000,"QUASE_ORDENADA",1,0.8623,9358.578639282448,true
"Merge Sort","Paralelo",4,10000,"QUASE_ORDENADA",2,0.7752,9465.052107377243,true
"Merge Sort","Paralelo",4,10000,"QUASE_ORDENADA",3,0.7669,9475.815923246979,true
"Merge Sort","Paralelo",4,10000,"QUASE_ORDENADA",4,0.7201,9538.777567110903,true
"Merge Sort","Paralelo",4,10000,"QUASE_ORDENADA",5,0.7086,9554.875316016498,true
"Merge Sort","Paralelo",8,10000,"QUASE_ORDENADA",1,0.7846,9453.000074105043,true
"Merge Sort","Paralelo",8,10000,"QUASE_ORDENADA",2,0.8411,9383.46919845288,true
"Merge Sort","Paralelo",8,10000,"QUASE_ORDENADA",3,0.7607,9483.932656061888,true
"Merge Sort","Paralelo",8,10000,"QUASE_ORDENADA",4,0.7241,9533.238553942068,true
"Merge Sort","Paralelo",8,10000,"QUASE_ORDENADA",5,0.7349,9518.434702723236,true
"Bubble Sort","Serial",1,100000,"QUASE_ORDENADA",1,3355.3906,3427.605256555777,true
"Bubble Sort","Serial",1,100000,"QUASE_ORDENADA",2,3361.9762,3425.7082035917633,true
"Bubble Sort","Serial",1,100000,"QUASE_ORDENADA",3,3343.4046,3431.0678388023607,true
"Bubble Sort","Serial",1,100000,"QUASE_ORDENADA",4,3472.419,3394.453624860314,true
"Bubble Sort","Serial",1,100000,"QUASE_ORDENADA",5,3447.0794,3401.532850004677,true
"Insertion Sort","Serial",1,100000,"QUASE_ORDENADA",1,109.1206,6821.562383423959,true
"Insertion Sort","Serial",1,100000,"QUASE_ORDENADA",2,107.1995,6839.3053013471745,true
"Insertion Sort","Serial",1,100000,"QUASE_ORDENADA",3,108.4507,6827.71369247793,true
"Insertion Sort","Serial",1,100000,"QUASE_ORDENADA",4,107.5309,6836.221948114942,true
"Insertion Sort","Serial",1,100000,"QUASE_ORDENADA",5,108.5706,6826.609929400721,true
"Quick Sort","Serial",1,100000,"QUASE_ORDENADA",1,4.6921,9967.092141432386,true
"Quick Sort","Serial",1,100000,"QUASE_ORDENADA",2,4.6184,9982.923323139194,true
"Quick Sort","Serial",1,100000,"QUASE_ORDENADA",3,5.479,9812.057650913033,true
"Quick Sort","Serial",1,100000,"QUASE_ORDENADA",4,5.1072,9882.325226832801,true
"Quick Sort","Serial",1,100000,"QUASE_ORDENADA",5,4.5905,9988.982418315009,true
"Merge Sort","Serial",1,100000,"QUASE_ORDENADA",1,6.223,9684.735587446941,true
"Merge Sort","Serial",1,100000,"QUASE_ORDENADA",2,6.6886,9612.587764056363,true
"Merge Sort","Serial",1,100000,"QUASE_ORDENADA",3,6.731,9606.269051676436,true
"Merge Sort","Serial",1,100000,"QUASE_ORDENADA",4,6.2825,9675.22029756121,true
"Merge Sort","Serial",1,100000,"QUASE_ORDENADA",5,6.4713,9645.613160189789,true
"Bubble Sort","Paralelo",1,100000,"QUASE_ORDENADA",1,3384.0575,3419.3753340762537,true
"Bubble Sort","Paralelo",1,100000,"QUASE_ORDENADA",2,3386.3348,3418.724638178561,true
"Bubble Sort","Paralelo",1,100000,"QUASE_ORDENADA",3,3362.5614,3425.5398160896984,true
"Bubble Sort","Paralelo",1,100000,"QUASE_ORDENADA",4,3362.3382,3425.6040368713498,true
"Bubble Sort","Paralelo",1,100000,"QUASE_ORDENADA",5,3383.3848,3419.5676320478788,true
"Bubble Sort","Paralelo",2,100000,"QUASE_ORDENADA",1,1026.2682,4589.451448116723,true
"Bubble Sort","Paralelo",2,100000,"QUASE_ORDENADA",2,1035.8672,4580.23662430021,true
"Bubble Sort","Paralelo",2,100000,"QUASE_ORDENADA",3,1057.0096,4560.241019928312,true
"Bubble Sort","Paralelo",2,100000,"QUASE_ORDENADA",4,1048.8662,4567.894452367361,true
"Bubble Sort","Paralelo",2,100000,"QUASE_ORDENADA",5,1067.5784,4550.39648012078,true
"Bubble Sort","Paralelo",4,100000,"QUASE_ORDENADA",1,252.6407,5983.480364724557,true
"Bubble Sort","Paralelo",4,100000,"QUASE_ORDENADA",2,260.211,5954.031354985727,true
"Bubble Sort","Paralelo",4,100000,"QUASE_ORDENADA",3,254.1652,5977.479443130387,true
"Bubble Sort","Paralelo",4,100000,"QUASE_ORDENADA",4,256.8051,5967.172792730056,true
"Bubble Sort","Paralelo",4,100000,"QUASE_ORDENADA",5,253.0536,5981.851480558943,true
"Bubble Sort","Paralelo",8,100000,"QUASE_ORDENADA",1,74.6682,7200.617569651552,true
"Bubble Sort","Paralelo",8,100000,"QUASE_ORDENADA",2,68.3031,7289.653109269835,true
"Bubble Sort","Paralelo",8,100000,"QUASE_ORDENADA",3,71.5093,7243.812791241381,true
"Bubble Sort","Paralelo",8,100000,"QUASE_ORDENADA",4,71.8631,7238.880917685923,true
"Bubble Sort","Paralelo",8,100000,"QUASE_ORDENADA",5,70.8338,7253.297264307319,true
"Insertion Sort","Paralelo",1,100000,"QUASE_ORDENADA",1,108.9244,6823.360052563399,true
"Insertion Sort","Paralelo",1,100000,"QUASE_ORDENADA",2,109.3312,6819.6363724093835,true
"Insertion Sort","Paralelo",1,100000,"QUASE_ORDENADA",3,113.0487,6786.236614129695,true
"Insertion Sort","Paralelo",1,100000,"QUASE_ORDENADA",4,110.7152,6807.070866201002,true
"Insertion Sort","Paralelo",1,100000,"QUASE_ORDENADA",5,110.0771,6812.844601204797,true
"Insertion Sort","Paralelo",2,100000,"QUASE_ORDENADA",1,35.4819,7944.257513732789,true
"Insertion Sort","Paralelo",2,100000,"QUASE_ORDENADA",2,34.7362,7965.490395819318,true
"Insertion Sort","Paralelo",2,100000,"QUASE_ORDENADA",3,42.2536,7769.658354453175,true
"Insertion Sort","Paralelo",2,100000,"QUASE_ORDENADA",4,40.0841,7822.346478700963,true
"Insertion Sort","Paralelo",2,100000,"QUASE_ORDENADA",5,35.8644,7933.538884636306,true
"Insertion Sort","Paralelo",4,100000,"QUASE_ORDENADA",1,10.8232,9131.341712806554,true
"Insertion Sort","Paralelo",4,100000,"QUASE_ORDENADA",2,10.6508,9147.396960593496,true
"Insertion Sort","Paralelo",4,100000,"QUASE_ORDENADA",3,10.8437,9129.449629905868,true
"Insertion Sort","Paralelo",4,100000,"QUASE_ORDENADA",4,10.876,9126.475692286063,true
"Insertion Sort","Paralelo",4,100000,"QUASE_ORDENADA",5,11.1874,9098.249187699259,true
"Insertion Sort","Paralelo",8,100000,"QUASE_ORDENADA",1,6.1659,9693.953010706455,true
"Insertion Sort","Paralelo",8,100000,"QUASE_ORDENADA",2,5.7395,9765.610759799785,true
"Insertion Sort","Paralelo",8,100000,"QUASE_ORDENADA",3,6.1128,9702.601657750769,true
"Insertion Sort","Paralelo",8,100000,"QUASE_ORDENADA",4,6.277,9676.09607366488,true
"Insertion Sort","Paralelo",8,100000,"QUASE_ORDENADA",5,5.5357,9801.762794342534,true
"Quick Sort","Paralelo",1,100000,"QUASE_ORDENADA",1,5.2729,9850.397696747918,true
"Quick Sort","Paralelo",1,100000,"QUASE_ORDENADA",2,5.304,9844.517250680095,true
"Quick Sort","Paralelo",1,100000,"QUASE_ORDENADA",3,5.2309,9858.394425200086,true
"Quick Sort","Paralelo",1,100000,"QUASE_ORDENADA",4,5.3564,9834.686919896454,true
"Quick Sort","Paralelo",1,100000,"QUASE_ORDENADA",5,5.0922,9885.266428452198,true
"Quick Sort","Paralelo",2,100000,"QUASE_ORDENADA",1,3.0772,10000.0,true
"Quick Sort","Paralelo",2,100000,"QUASE_ORDENADA",2,2.9865,10000.0,true
"Quick Sort","Paralelo",2,100000,"QUASE_ORDENADA",3,3.2148,10000.0,true
"Quick Sort","Paralelo",2,100000,"QUASE_ORDENADA",4,3.4126,10000.0,true
"Quick Sort","Paralelo",2,100000,"QUASE_ORDENADA",5,2.7622,10000.0,true
"Quick Sort","Paralelo",4,100000,"QUASE_ORDENADA",1,2.4568,10000.0,true
"Quick Sort","Paralelo",4,100000,"QUASE_ORDENADA",2,2.6854,10000.0,true
"Quick Sort","Paralelo",4,100000,"QUASE_ORDENADA",3,2.8071,10000.0,true
"Quick Sort","Paralelo",4,100000,"QUASE_ORDENADA",4,2.9853,10000.0,true
"Quick Sort","Paralelo",4,100000,"QUASE_ORDENADA",5,2.2303,10000.0,true
"Quick Sort","Paralelo",8,100000,"QUASE_ORDENADA",1,2.4431,10000.0,true
"Quick Sort","Paralelo",8,100000,"QUASE_ORDENADA",2,2.7918,10000.0,true
"Quick Sort","Paralelo",8,100000,"QUASE_ORDENADA",3,2.5918,10000.0,true
"Quick Sort","Paralelo",8,100000,"QUASE_ORDENADA",4,2.3081,10000.0,true
"Quick Sort","Paralelo",8,100000,"QUASE_ORDENADA",5,2.1045,10000.0,true
"Merge Sort","Paralelo",1,100000,"QUASE_ORDENADA",1,6.1522,9696.177243649989,true
"Merge Sort","Paralelo",1,100000,"QUASE_ORDENADA",2,6.3797,9659.868185627727,true
"Merge Sort","Paralelo",1,100000,"QUASE_ORDENADA",3,6.1571,9695.381146601492,true
"Merge Sort","Paralelo",1,100000,"QUASE_ORDENADA",4,6.4487,9649.111389784955,true
"Merge Sort","Paralelo",1,100000,"QUASE_ORDENADA",5,6.4246,9652.855336872633,true
"Merge Sort","Paralelo",2,100000,"QUASE_ORDENADA",1,4.4885,10000.0,true
"Merge Sort","Paralelo",2,100000,"QUASE_ORDENADA",2,3.9919,10000.0,true
"Merge Sort","Paralelo",2,100000,"QUASE_ORDENADA",3,3.95,10000.0,true
"Merge Sort","Paralelo",2,100000,"QUASE_ORDENADA",4,3.978,10000.0,true
"Merge Sort","Paralelo",2,100000,"QUASE_ORDENADA",5,3.7335,10000.0,true
"Merge Sort","Paralelo",4,100000,"QUASE_ORDENADA",1,3.2502,10000.0,true
"Merge Sort","Paralelo",4,100000,"QUASE_ORDENADA",2,3.1322,10000.0,true
"Merge Sort","Paralelo",4,100000,"QUASE_ORDENADA",3,3.0264,10000.0,true
"Merge Sort","Paralelo",4,100000,"QUASE_ORDENADA",4,3.0054,10000.0,true
"Merge Sort","Paralelo",4,100000,"QUASE_ORDENADA",5,2.6213,10000.0,true
"Merge Sort","Paralelo",8,100000,"QUASE_ORDENADA",1,2.8304,10000.0,true
"Merge Sort","Paralelo",8,100000,"QUASE_ORDENADA",2,2.526,10000.0,true
"Merge Sort","Paralelo",8,100000,"QUASE_ORDENADA",3,2.631,10000.0,true
"Merge Sort","Paralelo",8,100000,"QUASE_ORDENADA",4,7.2237,9535.630412348102,true
"Merge Sort","Paralelo",8,100000,"QUASE_ORDENADA",5,2.8505,10000.0,true
"Bubble Sort","Serial",1,1000,"INVERTIDA",1,0.3322,8010.105505618876,true
"Bubble Sort","Serial",1,1000,"INVERTIDA",2,0.3872,7856.956327619277,true
"Bubble Sort","Serial",1,1000,"INVERTIDA",3,2.137,6150.487022508483,true
"Bubble Sort","Serial",1,1000,"INVERTIDA",4,1.9904,6221.408077197867,true
"Bubble Sort","Serial",1,1000,"INVERTIDA",5,1.7279,6362.574889543395,true
"Insertion Sort","Serial",1,1000,"INVERTIDA",1,0.1866,8586.729852143415,true
"Insertion Sort","Serial",1,1000,"INVERTIDA",2,0.1849,8595.880302479296,true
"Insertion Sort","Serial",1,1000,"INVERTIDA",3,0.1786,8630.540473574794,true
"Insertion Sort","Serial",1,1000,"INVERTIDA",4,0.1755,8648.04699966003,true
"Insertion Sort","Serial",1,1000,"INVERTIDA",5,0.1737,8658.354569633117,true
"Quick Sort","Serial",1,1000,"INVERTIDA",1,0.0521,9862.397707847795,true
"Quick Sort","Serial",1,1000,"INVERTIDA",2,0.0242,10000.0,true
"Quick Sort","Serial",1,1000,"INVERTIDA",3,0.0214,10000.0,true
"Quick Sort","Serial",1,1000,"INVERTIDA",4,0.0204,10000.0,true
"Quick Sort","Serial",1,1000,"INVERTIDA",5,0.0201,10000.0,true
"Merge Sort","Serial",1,1000,"INVERTIDA",1,0.0412,10000.0,true
"Merge Sort","Serial",1,1000,"INVERTIDA",2,0.0342,10000.0,true
"Merge Sort","Serial",1,1000,"INVERTIDA",3,0.0349,10000.0,true
"Merge Sort","Serial",1,1000,"INVERTIDA",4,0.0347,10000.0,true
"Merge Sort","Serial",1,1000,"INVERTIDA",5,0.0347,10000.0,true
"Bubble Sort","Paralelo",1,1000,"INVERTIDA",1,0.4077,7805.386565052004,true
"Bubble Sort","Paralelo",1,1000,"INVERTIDA",2,0.4801,7641.996127216248,true
"Bubble Sort","Paralelo",1,1000,"INVERTIDA",3,0.397,7831.971198493435,true
"Bubble Sort","Paralelo",1,1000,"INVERTIDA",4,0.4169,7783.080986198864,true
"Bubble Sort","Paralelo",1,1000,"INVERTIDA",5,0.4362,7737.845809089182,true
"Bubble Sort","Paralelo",2,1000,"INVERTIDA",1,0.9253,6986.317420883136,true
"Bubble Sort","Paralelo",2,1000,"INVERTIDA",2,0.5997,7419.680548041625,true
"Bubble Sort","Paralelo",2,1000,"INVERTIDA",3,0.8227,7103.7413055572415,true
"Bubble Sort","Paralelo",2,1000,"INVERTIDA",4,0.7495,7196.853459686761,true
"Bubble Sort","Paralelo",2,1000,"INVERTIDA",5,0.5767,7458.764891115368,true
"Bubble Sort","Paralelo",4,1000,"INVERTIDA",1,1.2937,6651.541812931611,true
"Bubble Sort","Paralelo",4,1000,"INVERTIDA",2,0.6963,7270.426013711399,true
"Bubble Sort","Paralelo",4,1000,"INVERTIDA",3,0.9647,6944.65762076377,true
"Bubble Sort","Paralelo",4,1000,"INVERTIDA",4,0.9321,6979.0021187617085,true
"Bubble Sort","Paralelo",4,1000,"INVERTIDA",5,1.0018,6906.958195574022,true
"Bubble Sort","Paralelo",8,1000,"INVERTIDA",1,1.3382,6617.767157023944,true
"Bubble Sort","Paralelo",8,1000,"INVERTIDA",2,1.1972,6728.966265913275,true
"Bubble Sort","Paralelo",8,1000,"INVERTIDA",3,1.1329,6784.106820837893,true
"Bubble Sort","Paralelo",8,1000,"INVERTIDA",4,1.2413,6692.836591666476,true
"Bubble Sort","Paralelo",8,1000,"INVERTIDA",5,1.0608,6849.792176281944,true
"Insertion Sort","Paralelo",1,1000,"INVERTIDA",1,0.1936,8549.909964383734,true
"Insertion Sort","Paralelo",1,1000,"INVERTIDA",2,0.1858,8591.025514325853,true
"Insertion Sort","Paralelo",1,1000,"INVERTIDA",3,0.185,8595.339715775559,true
"Insertion Sort","Paralelo",1,1000,"INVERTIDA",4,0.1851,8594.799421255932,true
"Insertion Sort","Paralelo",1,1000,"INVERTIDA",5,0.1752,8649.757564116255,true
"Insertion Sort","Paralelo",2,1000,"INVERTIDA",1,0.4907,7620.168194514542,true
"Insertion Sort","Paralelo",2,1000,"INVERTIDA",2,0.4321,7747.285521698065,true
"Insertion Sort","Paralelo",2,1000,"INVERTIDA",3,0.4324,7746.591778741281,true
"Insertion Sort","Paralelo",2,1000,"INVERTIDA",4,0.3572,7937.571845181198,true
"Insertion Sort","Paralelo",2,1000,"INVERTIDA",5,0.3565,7939.532754578897,true
"Insertion Sort","Paralelo",4,1000,"INVERTIDA",1,0.8353,7088.554567533517,true
"Insertion Sort","Paralelo",4,1000,"INVERTIDA",2,0.556,7495.298109202961,true
"Insertion Sort","Paralelo",4,1000,"INVERTIDA",3,0.5576,7492.426143116845,true
"Insertion Sort","Paralelo",4,1000,"INVERTIDA",4,0.5634,7482.083943871808,true
"Insertion Sort","Paralelo",4,1000,"INVERTIDA",5,0.5698,7470.794773626086,true
"Insertion Sort","Paralelo",8,1000,"INVERTIDA",1,0.8887,7026.639142559805,true
"Insertion Sort","Paralelo",8,1000,"INVERTIDA",2,1.0355,6873.9058413683315,true
"Insertion Sort","Paralelo",8,1000,"INVERTIDA",3,0.9286,6982.760651496197,true
"Insertion Sort","Paralelo",8,1000,"INVERTIDA",4,0.8926,7022.264207638621,true
"Insertion Sort","Paralelo",8,1000,"INVERTIDA",5,0.9396,6970.99546403175,true
"Quick Sort","Paralelo",1,1000,"INVERTIDA",1,0.461,7682.573408739771,true
"Quick Sort","Paralelo",1,1000,"INVERTIDA",2,0.3516,7953.367930356457,true
"Quick Sort","Paralelo",1,1000,"INVERTIDA",3,0.3261,8028.632522009952,true
"Quick Sort","Paralelo",1,1000,"INVERTIDA",4,0.301,8108.7012479239875,true
"Quick Sort","Paralelo",1,1000,"INVERTIDA",5,0.2735,8204.48239870793,true
"Quick Sort","Paralelo",2,1000,"INVERTIDA",1,0.2983,8117.709121960973,true
"Quick Sort","Paralelo",2,1000,"INVERTIDA",2,0.324,8035.090989695279,true
"Quick Sort","Paralelo",2,1000,"INVERTIDA",3,0.2847,8164.359223160927,true
"Quick Sort","Paralelo",2,1000,"INVERTIDA",4,0.2967,8123.085686660756,true
"Quick Sort","Paralelo",2,1000,"INVERTIDA",5,0.2758,8196.110354579243,true
"Quick Sort","Paralelo",4,1000,"INVERTIDA",1,0.3237,8036.0170446525335,true
"Quick Sort","Paralelo",4,1000,"INVERTIDA",2,0.3275,8024.349949272548,true
"Quick Sort","Paralelo",4,1000,"INVERTIDA",3,0.2754,8197.5613337541,true
"Quick Sort","Paralelo",4,1000,"INVERTIDA",4,0.2664,8230.77798381986,true
"Quick Sort","Paralelo",4,1000,"INVERTIDA",5,0.246,8310.424991778873,true
"Quick Sort","Paralelo",8,1000,"INVERTIDA",1,0.2925,8137.338348522578,true
"Quick Sort","Paralelo",8,1000,"INVERTIDA",2,0.3245,8033.549469181391,true
"Quick Sort","Paralelo",8,1000,"INVERTIDA",3,0.3064,8090.925473166944,true
"Quick Sort","Paralelo",8,1000,"INVERTIDA",4,0.2971,8121.738831370246,true
"Quick Sort","Paralelo",8,1000,"INVERTIDA",5,0.29,8145.919592941881,true
"Merge Sort","Paralelo",1,1000,"INVERTIDA",1,0.3529,7949.67866502849,true
"Merge Sort","Paralelo",1,1000,"INVERTIDA",2,0.3968,7832.4749038492555,true
"Merge Sort","Paralelo",1,1000,"INVERTIDA",3,0.2955,8127.137177466596,true
"Merge Sort","Paralelo",1,1000,"INVERTIDA",4,0.2753,8197.924407927621,true
"Merge Sort","Paralelo",1,1000,"INVERTIDA",5,0.2906,8143.8533646120895,true
"Merge Sort","Paralelo",2,1000,"INVERTIDA",1,0.3532,7948.829226874032,true
"Merge Sort","Paralelo",2,1000,"INVERTIDA",2,0.3445,7973.760908184061,true
"Merge Sort","Paralelo",2,1000,"INVERTIDA",3,0.3039,8099.115711873274,true
"Merge Sort","Paralelo",2,1000,"INVERTIDA",4,0.311,8076.028597434565,true
"Merge Sort","Paralelo",2,1000,"INVERTIDA",5,0.294,8132.22474741606,true
"Merge Sort","Paralelo",4,1000,"INVERTIDA",1,0.3752,7888.426470462286,true
"Merge Sort","Paralelo",4,1000,"INVERTIDA",2,0.3528,7949.961971612352,true
"Merge Sort","Paralelo",4,1000,"INVERTIDA",3,0.6404,7354.057771873138,true
"Merge Sort","Paralelo",4,1000,"INVERTIDA",4,0.3618,7924.780719569242,true
"Merge Sort","Paralelo",4,1000,"INVERTIDA",5,0.363,7921.470657830863,true
"Merge Sort","Paralelo",8,1000,"INVERTIDA",1,0.3521,7951.947369830609,true
"Merge Sort","Paralelo",8,1000,"INVERTIDA",2,0.3452,7971.73173918719,true
"Merge Sort","Paralelo",8,1000,"INVERTIDA",3,0.35,7957.927342245103,true
"Merge Sort","Paralelo",8,1000,"INVERTIDA",4,0.2905,8144.197439485353,true
"Merge Sort","Paralelo",8,1000,"INVERTIDA",5,0.2804,8179.573763499107,true
"Bubble Sort","Serial",1,5000,"INVERTIDA",1,7.2642,6535.686803105671,true
"Bubble Sort","Serial",1,5000,"INVERTIDA",2,8.2813,6404.84812042613,true
"Bubble Sort","Serial",1,5000,"INVERTIDA",3,15.6742,5768.30707951621,true
"Bubble Sort","Serial",1,5000,"INVERTIDA",4,12.4945,5994.400426877513,true
"Bubble Sort","Serial",1,5000,"INVERTIDA",5,12.6325,5983.44364699674,true
"Insertion Sort","Serial",1,5000,"INVERTIDA",1,4.5122,7011.310385007562,true
"Insertion Sort","Serial",1,5000,"INVERTIDA",2,4.437,7028.101725512866,true
"Insertion Sort","Serial",1,5000,"INVERTIDA",3,4.2524,7070.559780530733,true
"Insertion Sort","Serial",1,5000,"INVERTIDA",4,4.2671,7067.111807860106,true
"Insertion Sort","Serial",1,5000,"INVERTIDA",5,4.5735,6997.828697218837,true
"Quick Sort","Serial",1,5000,"INVERTIDA",1,0.1352,10000.0,true
"Quick Sort","Serial",1,5000,"INVERTIDA",2,0.1241,10000.0,true
"Quick Sort","Serial",1,5000,"INVERTIDA",3,0.1223,10000.0,true
"Quick Sort","Serial",1,5000,"INVERTIDA",4,0.1276,10000.0,true
"Quick Sort","Serial",1,5000,"INVERTIDA",5,0.1276,10000.0,true
"Merge Sort","Serial",1,5000,"INVERTIDA",1,0.2009,10000.0,true
"Merge Sort","Serial",1,5000,"INVERTIDA",2,0.1911,10000.0,true
"Merge Sort","Serial",1,5000,"INVERTIDA",3,0.1916,10000.0,true
"Merge Sort","Serial",1,5000,"INVERTIDA",4,0.1951,10000.0,true
"Merge Sort","Serial",1,5000,"INVERTIDA",5,0.1975,10000.0,true
"Bubble Sort","Paralelo",1,5000,"INVERTIDA",1,7.9678,6443.3770634811335,true
"Bubble Sort","Paralelo",1,5000,"INVERTIDA",2,8.6947,6356.2169765872695,true
"Bubble Sort","Paralelo",1,5000,"INVERTIDA",3,7.8621,6456.710630129724,true
"Bubble Sort","Paralelo",1,5000,"INVERTIDA",4,7.3996,6517.246072718762,true
"Bubble Sort","Paralelo",1,5000,"INVERTIDA",5,7.8525,6457.930507040127,true
"Bubble Sort","Paralelo",2,5000,"INVERTIDA",1,2.5381,7586.284913001566,true
"Bubble Sort","Paralelo",2,5000,"INVERTIDA",2,2.4299,7629.8289491238975,true
"Bubble Sort","Paralelo",2,5000,"INVERTIDA",3,2.281,7693.035344086403,true
"Bubble Sort","Paralelo",2,5000,"INVERTIDA",4,2.1652,7745.11340174079,true
"Bubble Sort","Paralelo",2,5000,"INVERTIDA",5,2.4075,7639.085710842166,true
"Bubble Sort","Paralelo",4,5000,"INVERTIDA",1,1.6904,7992.566026960362,true
"Bubble Sort","Paralelo",4,5000,"INVERTIDA",2,1.2203,8318.340491482784,true
"Bubble Sort","Paralelo",4,5000,"INVERTIDA",3,1.6293,8029.368523608627,true
"Bubble Sort","Paralelo",4,5000,"INVERTIDA",4,1.5896,8054.028648634913,true
"Bubble Sort","Paralelo",4,5000,"INVERTIDA",5,1.1766,8354.79956028461,true
"Bubble Sort","Paralelo",8,5000,"INVERTIDA",1,1.0333,8484.642265826827,true
"Bubble Sort","Paralelo",8,5000,"INVERTIDA",2,1.1477,8379.662765371477,true
"Bubble Sort","Paralelo",8,5000,"INVERTIDA",3,1.123,8401.414090441127,true
"Bubble Sort","Paralelo",8,5000,"INVERTIDA",4,1.0179,8499.655069220484,true
"Bubble Sort","Paralelo",8,5000,"INVERTIDA",5,0.8627,8665.053989432527,true
"Insertion Sort","Paralelo",1,5000,"INVERTIDA",1,4.3806,7040.88322653917,true
"Insertion Sort","Paralelo",1,5000,"INVERTIDA",2,4.3922,7038.241005302568,true
"Insertion Sort","Paralelo",1,5000,"INVERTIDA",3,4.3451,7049.013060624736,true
"Insertion Sort","Paralelo",1,5000,"INVERTIDA",4,4.3169,7055.518646847491,true
"Insertion Sort","Paralelo",1,5000,"INVERTIDA",5,4.4724,7020.1620943163225,true
"Insertion Sort","Paralelo",2,5000,"INVERTIDA",1,1.8202,7918.610780008636,true
"Insertion Sort","Paralelo",2,5000,"INVERTIDA",2,1.493,8116.704228287077,true
"Insertion Sort","Paralelo",2,5000,"INVERTIDA",3,1.4653,8135.4262088207015,true
"Insertion Sort","Paralelo",2,5000,"INVERTIDA",4,1.4392,8153.393586344066,true
"Insertion Sort","Paralelo",2,5000,"INVERTIDA",5,1.4013,8180.073034956705,true
"Insertion Sort","Paralelo",4,5000,"INVERTIDA",1,0.8134,8723.888143694294,true
"Insertion Sort","Paralelo",4,5000,"INVERTIDA",2,0.9041,8618.189300309088,true
"Insertion Sort","Paralelo",4,5000,"INVERTIDA",3,0.9838,8533.722586682425,true
"Insertion Sort","Paralelo",4,5000,"INVERTIDA",4,1.0447,8473.67234672999,true
"Insertion Sort","Paralelo",4,5000,"INVERTIDA",5,0.821,8714.589547466601,true
"Insertion Sort","Paralelo",8,5000,"INVERTIDA",1,0.972,8545.787047044705,true
"Insertion Sort","Paralelo",8,5000,"INVERTIDA",2,1.115,8408.561761643352,true
"Insertion Sort","Paralelo",8,5000,"INVERTIDA",3,1.0279,8489.880864250825,true
"Insertion Sort","Paralelo",8,5000,"INVERTIDA",4,1.1172,8406.591051368354,true
"Insertion Sort","Paralelo",8,5000,"INVERTIDA",5,1.0752,8444.901517511702,true
"Quick Sort","Paralelo",1,5000,"INVERTIDA",1,0.49,9230.641074492016,true
"Quick Sort","Paralelo",1,5000,"INVERTIDA",2,0.8643,8663.201384701213,true
"Quick Sort","Paralelo",1,5000,"INVERTIDA",3,0.446,9324.718714400227,true
"Quick Sort","Paralelo",1,5000,"INVERTIDA",4,0.4065,9417.445838105843,true
"Quick Sort","Paralelo",1,5000,"INVERTIDA",5,0.362,9533.37665595185,true
"Quick Sort","Paralelo",2,5000,"INVERTIDA",1,0.4008,9431.566077415078,true
"Quick Sort","Paralelo",2,5000,"INVERTIDA",2,0.4192,9386.684173877165,true
"Quick Sort","Paralelo",2,5000,"INVERTIDA",3,0.3854,9470.743791447598,true
"Quick Sort","Paralelo",2,5000,"INVERTIDA",4,0.3739,9501.034865619422,true
"Quick Sort","Paralelo",2,5000,"INVERTIDA",5,0.3615,9534.758726186035,true
"Quick Sort","Paralelo",4,5000,"INVERTIDA",1,0.4258,9371.06387431309,true
"Quick Sort","Paralelo",4,5000,"INVERTIDA",2,0.4425,9332.596502034496,true
"Quick Sort","Paralelo",4,5000,"INVERTIDA",3,0.4185,9388.355276966195,true
"Quick Sort","Paralelo",4,5000,"INVERTIDA",4,0.3904,9457.854692811352,true
"Quick Sort","Paralelo",4,5000,"INVERTIDA",5,0.3695,9512.871627279648,true
"Quick Sort","Paralelo",8,5000,"INVERTIDA",1,0.3813,9481.438260627212,true
"Quick Sort","Paralelo",8,5000,"INVERTIDA",2,0.4069,9416.462392079557,true
"Quick Sort","Paralelo",8,5000,"INVERTIDA",3,0.4269,9368.484052989792,true
"Quick Sort","Paralelo",8,5000,"INVERTIDA",4,0.3729,9503.712760432649,true
"Quick Sort","Paralelo",8,5000,"INVERTIDA",5,0.3508,9564.80236743925,true
"Merge Sort","Paralelo",1,5000,"INVERTIDA",1,0.5112,9188.289802108899,true
"Merge Sort","Paralelo",1,5000,"INVERTIDA",2,0.5027,9205.055434646038,true
"Merge Sort","Paralelo",1,5000,"INVERTIDA",3,0.4676,9277.428756427738,true
"Merge Sort","Paralelo",1,5000,"INVERTIDA",4,0.4469,9322.702990464813,true
"Merge Sort","Paralelo",1,5000,"INVERTIDA",5,0.5307,9150.857714932075,true
"Merge Sort","Paralelo",2,5000,"INVERTIDA",1,0.4668,9279.1409256282,true
"Merge Sort","Paralelo",2,5000,"INVERTIDA",2,0.4586,9296.861815768547,true
"Merge Sort","Paralelo",2,5000,"INVERTIDA",3,0.4087,9412.04881648761,true
"Merge Sort","Paralelo",2,5000,"INVERTIDA",4,0.4448,9327.412683505296,true
"Merge Sort","Paralelo",2,5000,"INVERTIDA",5,0.4924,9225.75555123924,true
"Merge Sort","Paralelo",4,5000,"INVERTIDA",1,0.4906,9229.417453760532,true
"Merge Sort","Paralelo",4,5000,"INVERTIDA",2,0.4779,9255.642540246785,true
"Merge Sort","Paralelo",4,5000,"INVERTIDA",3,0.4476,9321.13800995393,true
"Merge Sort","Paralelo",4,5000,"INVERTIDA",4,0.4731,9265.736303285083,true
"Merge Sort","Paralelo",4,5000,"INVERTIDA",5,0.4896,9231.457654406408,true
"Merge Sort","Paralelo",8,5000,"INVERTIDA",1,0.5148,9181.272949376385,true
"Merge Sort","Paralelo",8,5000,"INVERTIDA",2,0.5166,9177.782904399492,true
"Merge Sort","Paralelo",8,5000,"INVERTIDA",3,0.4448,9327.412683505296,true
"Merge Sort","Paralelo",8,5000,"INVERTIDA",4,0.4857,9239.454456328891,true
"Merge Sort","Paralelo",8,5000,"INVERTIDA",5,0.4675,9277.64261729878,true
"Bubble Sort","Serial",1,10000,"INVERTIDA",1,30.5734,5793.262697947726,true
"Bubble Sort","Serial",1,10000,"INVERTIDA",2,30.4732,5796.535449491997,true
"Bubble Sort","Serial",1,10000,"INVERTIDA",3,31.2356,5771.900593815913,true
"Bubble Sort","Serial",1,10000,"INVERTIDA",4,30.8351,5784.765486203244,true
"Bubble Sort","Serial",1,10000,"INVERTIDA",5,30.9871,5779.863302022124,true
"Insertion Sort","Serial",1,10000,"INVERTIDA",1,17.4172,6354.622353223291,true
"Insertion Sort","Serial",1,10000,"INVERTIDA",2,17.345,6358.769089046495,true
"Insertion Sort","Serial",1,10000,"INVERTIDA",3,17.4562,6352.389583748719,true
"Insertion Sort","Serial",1,10000,"INVERTIDA",4,17.6733,6340.051115975874,true
"Insertion Sort","Serial",1,10000,"INVERTIDA",5,17.6221,6342.947234952634,true
"Quick Sort","Serial",1,10000,"INVERTIDA",1,0.2824,10000.0,true
"Quick Sort","Serial",1,10000,"INVERTIDA",2,0.2629,10000.0,true
"Quick Sort","Serial",1,10000,"INVERTIDA",3,0.2757,10000.0,true
"Quick Sort","Serial",1,10000,"INVERTIDA",4,0.2725,10000.0,true
"Quick Sort","Serial",1,10000,"INVERTIDA",5,0.2594,10000.0,true
"Merge Sort","Serial",1,10000,"INVERTIDA",1,0.4159,10000.0,true
"Merge Sort","Serial",1,10000,"INVERTIDA",2,0.4299,10000.0,true
"Merge Sort","Serial",1,10000,"INVERTIDA",3,0.4577,9991.92747225131,true
"Merge Sort","Serial",1,10000,"INVERTIDA",4,0.4391,10000.0,true
"Merge Sort","Serial",1,10000,"INVERTIDA",5,0.4335,10000.0,true
"Bubble Sort","Paralelo",1,10000,"INVERTIDA",1,32.6984,5726.278730631912,true
"Bubble Sort","Paralelo",1,10000,"INVERTIDA",2,30.3027,5802.129242505954,true
"Bubble Sort","Paralelo",1,10000,"INVERTIDA",3,32.0109,5747.459879595036,true
"Bubble Sort","Paralelo",1,10000,"INVERTIDA",4,30.0802,5809.476728940272,true
"Bubble Sort","Paralelo",1,10000,"INVERTIDA",5,31.2352,5771.913359923421,true
"Bubble Sort","Paralelo",2,10000,"INVERTIDA",1,7.8877,7145.824246937888,true
"Bubble Sort","Paralelo",2,10000,"INVERTIDA",2,7.9194,7141.816553176336,true
"Bubble Sort","Paralelo",2,10000,"INVERTIDA",3,7.9315,7140.291034732571,true
"Bubble Sort","Paralelo",2,10000,"INVERTIDA",4,8.089,7120.643830957081,true
"Bubble Sort","Paralelo",2,10000,"INVERTIDA",5,8.1399,7114.376135939288,true
"Bubble Sort","Paralelo",4,10000,"INVERTIDA",1,2.4094,8331.203529104187,true
"Bubble Sort","Paralelo",4,10000,"INVERTIDA",2,2.8248,8172.185246454181,true
"Bubble Sort","Paralelo",4,10000,"INVERTIDA",3,2.7268,8207.484254299254,true
"Bubble Sort","Paralelo",4,10000,"INVERTIDA",4,2.6092,8251.557597002675,true
"Bubble Sort","Paralelo",4,10000,"INVERTIDA",5,2.3538,8354.544680817233,true
"Bubble Sort","Paralelo",8,10000,"INVERTIDA",1,1.4438,8843.20621483147,true
"Bubble Sort","Paralelo",8,10000,"INVERTIDA",2,1.5179,8793.16434980657,true
"Bubble Sort","Paralelo",8,10000,"INVERTIDA",3,6.0479,7411.2338748154125,true
"Bubble Sort","Paralelo",8,10000,"INVERTIDA",4,1.6533,8707.732397735523,true
"Bubble Sort","Paralelo",8,10000,"INVERTIDA",5,1.5027,8803.227140637233,true
"Insertion Sort","Paralelo",1,10000,"INVERTIDA",1,18.6854,6284.464698172438,true
"Insertion Sort","Paralelo",1,10000,"INVERTIDA",2,17.4061,6355.258749373989,true
"Insertion Sort","Paralelo",1,10000,"INVERTIDA",3,17.1671,6369.060848712402,true
"Insertion Sort","Paralelo",1,10000,"INVERTIDA",4,17.294,6361.708657747641,true
"Insertion Sort","Paralelo",1,10000,"INVERTIDA",5,17.3247,6359.938114072364,true
"Insertion Sort","Paralelo",2,10000,"INVERTIDA",1,4.8258,7636.846311415961,true
"Insertion Sort","Paralelo",2,10000,"INVERTIDA",2,4.8528,7631.269676313745,true
"Insertion Sort","Paralelo",2,10000,"INVERTIDA",3,4.751,7652.460236947128,true
"Insertion Sort","Paralelo",2,10000,"INVERTIDA",4,4.9401,7613.448686083489,true
"Insertion Sort","Paralelo",2,10000,"INVERTIDA",5,5.0759,7586.343984089487,true
"Insertion Sort","Paralelo",4,10000,"INVERTIDA",1,2.6853,8222.816412365588,true
"Insertion Sort","Paralelo",4,10000,"INVERTIDA",2,1.6719,8696.546843740029,true
"Insertion Sort","Paralelo",4,10000,"INVERTIDA",3,2.5737,8265.253156597315,true
"Insertion Sort","Paralelo",4,10000,"INVERTIDA",4,1.6608,8703.207024196994,true
"Insertion Sort","Paralelo",4,10000,"INVERTIDA",5,1.8253,8608.778528233008,true
"Insertion Sort","Paralelo",8,10000,"INVERTIDA",1,1.9293,8553.376040540794,true
"Insertion Sort","Paralelo",8,10000,"INVERTIDA",2,1.2859,8959.01009141494,true
"Insertion Sort","Paralelo",8,10000,"INVERTIDA",3,1.2414,8994.224729274036,true
"Insertion Sort","Paralelo",8,10000,"INVERTIDA",4,1.626,8724.379947632617,true
"Insertion Sort","Paralelo",8,10000,"INVERTIDA",5,1.6067,8736.31864300299,true
"Quick Sort","Paralelo",1,10000,"INVERTIDA",1,0.6209,9686.987700659967,true
"Quick Sort","Paralelo",1,10000,"INVERTIDA",2,0.5747,9764.304953793287,true
"Quick Sort","Paralelo",1,10000,"INVERTIDA",3,0.5459,9815.71443068063,true
"Quick Sort","Paralelo",1,10000,"INVERTIDA",4,0.5234,9857.801999492585,true
"Quick Sort","Paralelo",1,10000,"INVERTIDA",5,0.512,9879.822224608137,true
"Quick Sort","Paralelo",2,10000,"INVERTIDA",1,1.0642,9148.223443133844,true
"Quick Sort","Paralelo",2,10000,"INVERTIDA",2,0.7178,9541.976449668751,true
"Quick Sort","Paralelo",2,10000,"INVERTIDA",3,0.6986,9569.087176145493,true
"Quick Sort","Paralelo",2,10000,"INVERTIDA",4,0.6621,9622.745256835733,true
"Quick Sort","Paralelo",2,10000,"INVERTIDA",5,0.5502,9807.868820954302,true
"Quick Sort","Paralelo",4,10000,"INVERTIDA",1,0.6761,9601.822264576234,true
"Quick Sort","Paralelo",4,10000,"INVERTIDA",2,0.6197,9688.922129070195,true
"Quick Sort","Paralelo",4,10000,"INVERTIDA",3,0.658,9628.956517468278,true
"Quick Sort","Paralelo",4,10000,"INVERTIDA",4,0.6946,9574.828968236112,true
"Quick Sort","Paralelo",4,10000,"INVERTIDA",5,0.601,9719.56081461718,true
"Quick Sort","Paralelo",8,10000,"INVERTIDA",1,0.6482,9643.961178150148,true
"Quick Sort","Paralelo",8,10000,"INVERTIDA",2,0.5464,9814.798981209029,true
"Quick Sort","Paralelo",8,10000,"INVERTIDA",3,0.5135,9876.89697027134,true
"Quick Sort","Paralelo",8,10000,"INVERTIDA",4,0.5408,9825.100204767296,true
"Quick Sort","Paralelo",8,10000,"INVERTIDA",5,0.5343,9837.191600567263,true
"Merge Sort","Paralelo",1,10000,"INVERTIDA",1,0.6955,9573.534187176334,true
"Merge Sort","Paralelo",1,10000,"INVERTIDA",2,0.6701,9610.735703734124,true
"Merge Sort","Paralelo",1,10000,"INVERTIDA",3,0.6704,9610.288139543365,true
"Merge Sort","Paralelo",1,10000,"INVERTIDA",4,0.7257,9531.031512041152,true
"Merge Sort","Paralelo",1,10000,"INVERTIDA",5,0.7456,9503.98094480748,true
"Merge Sort","Paralelo",2,10000,"INVERTIDA",1,0.8179,9411.437357872772,true
"Merge Sort","Paralelo",2,10000,"INVERTIDA",2,0.7366,9516.12430423459,true
"Merge Sort","Paralelo",2,10000,"INVERTIDA",3,0.68,9596.070850476272,true
"Merge Sort","Paralelo",2,10000,"INVERTIDA",4,0.6971,9571.236486036338,true
"Merge Sort","Paralelo",2,10000,"INVERTIDA",5,0.6822,9592.840998646896,true
"Merge Sort","Paralelo",4,10000,"INVERTIDA",1,0.6995,9567.799804406397,true
"Merge Sort","Paralelo",4,10000,"INVERTIDA",2,0.677,9600.492075754502,true
"Merge Sort","Paralelo",4,10000,"INVERTIDA",3,0.686,9587.286620879562,true
"Merge Sort","Paralelo",4,10000,"INVERTIDA",4,0.6764,9601.378671646413,true
"Merge Sort","Paralelo",4,10000,"INVERTIDA",5,0.7067,9557.560070764504,true
"Merge Sort","Paralelo",8,10000,"INVERTIDA",1,0.8161,9413.640361153208,true
"Merge Sort","Paralelo",8,10000,"INVERTIDA",2,0.7169,9543.230977529887,true
"Merge Sort","Paralelo",8,10000,"INVERTIDA",3,0.7229,9534.897038339272,true
"Merge Sort","Paralelo",8,10000,"INVERTIDA",4,0.7214,9536.974019886917,true
"Merge Sort","Paralelo",8,10000,"INVERTIDA",5,0.679,9597.542421094524,true
"Bubble Sort","Serial",1,100000,"INVERTIDA",1,3038.7943,3523.6447361017804,true
"Bubble Sort","Serial",1,100000,"INVERTIDA",2,3037.3504,3524.105991314723,true
"Bubble Sort","Serial",1,100000,"INVERTIDA",3,3020.054,3529.648956285745,true
"Bubble Sort","Serial",1,100000,"INVERTIDA",4,3027.503,3527.2577846425547,true
"Bubble Sort","Serial",1,100000,"INVERTIDA",5,3023.3379,3528.594058185425,true
"Insertion Sort","Serial",1,100000,"INVERTIDA",1,1817.9949,4025.452665214689,true
"Insertion Sort","Serial",1,100000,"INVERTIDA",2,1801.8737,4034.2014417049068,true
"Insertion Sort","Serial",1,100000,"INVERTIDA",3,1818.5105,4025.17416019277,true
"Insertion Sort","Serial",1,100000,"INVERTIDA",4,1805.3257,4032.321399351966,true
"Insertion Sort","Serial",1,100000,"INVERTIDA",5,1793.1041,4038.9941100799024,true
"Quick Sort","Serial",1,100000,"INVERTIDA",1,3.4814,10000.0,true
"Quick Sort","Serial",1,100000,"INVERTIDA",2,3.6856,10000.0,true
"Quick Sort","Serial",1,100000,"INVERTIDA",3,3.6631,10000.0,true
"Quick Sort","Serial",1,100000,"INVERTIDA",4,3.4534,10000.0,true
"Quick Sort","Serial",1,100000,"INVERTIDA",5,3.5143,10000.0,true
"Merge Sort","Serial",1,100000,"INVERTIDA",1,5.4763,9812.55053603096,true
"Merge Sort","Serial",1,100000,"INVERTIDA",2,7.02,9564.232444468606,true
"Merge Sort","Serial",1,100000,"INVERTIDA",3,6.1233,9700.885529209594,true
"Merge Sort","Serial",1,100000,"INVERTIDA",4,5.4826,9811.400848469695,true
"Merge Sort","Serial",1,100000,"INVERTIDA",5,5.6868,9774.8346315739,true
"Bubble Sort","Paralelo",1,100000,"INVERTIDA",1,3066.0766,3514.9715391021023,true
"Bubble Sort","Paralelo",1,100000,"INVERTIDA",2,3066.3285,3514.89182942453,true
"Bubble Sort","Paralelo",1,100000,"INVERTIDA",3,5014.1941,3041.8228123317094,true
"Bubble Sort","Paralelo",1,100000,"INVERTIDA",4,4976.17,3049.072853178541,true
"Bubble Sort","Paralelo",1,100000,"INVERTIDA",5,3006.8736,3533.8948521118,true
"Bubble Sort","Paralelo",2,100000,"INVERTIDA",1,766.0234,4879.343790777414,true
"Bubble Sort","Paralelo",2,100000,"INVERTIDA",2,739.8497,4913.849669878167,true
"Bubble Sort","Paralelo",2,100000,"INVERTIDA",3,742.0014,4910.966956128559,true
"Bubble Sort","Paralelo",2,100000,"INVERTIDA",4,753.3312,4895.925571546373,true
"Bubble Sort","Paralelo",2,100000,"INVERTIDA",5,743.2964,4909.236052169537,true
"Bubble Sort","Paralelo",4,100000,"INVERTIDA",1,196.3062,6235.210917588569,true
"Bubble Sort","Paralelo",4,100000,"INVERTIDA",2,193.524,6249.457299019343,true
"Bubble Sort","Paralelo",4,100000,"INVERTIDA",3,191.1115,6261.97772876039,true
"Bubble Sort","Paralelo",4,100000,"INVERTIDA",4,191.0199,6262.456230759082,true
"Bubble Sort","Paralelo",4,100000,"INVERTIDA",5,184.9625,6294.620279691592,true
"Bubble Sort","Paralelo",8,100000,"INVERTIDA",1,59.9583,7419.875547694517,true
"Bubble Sort","Paralelo",8,100000,"INVERTIDA",2,62.5644,7377.354487091954,true
"Bubble Sort","Paralelo",8,100000,"INVERTIDA",3,62.9873,7370.622020914995,true
"Bubble Sort","Paralelo",8,100000,"INVERTIDA",4,59.9643,7419.77554311685,true
"Bubble Sort","Paralelo",8,100000,"INVERTIDA",5,64.3001,7350.007072881342,true
"Insertion Sort","Paralelo",1,100000,"INVERTIDA",1,1773.1418,4049.9932349670644,true
"Insertion Sort","Paralelo",1,100000,"INVERTIDA",2,1773.1566,4049.985033657183,true
"Insertion Sort","Paralelo",1,100000,"INVERTIDA",3,1779.1381,4046.6761193083034,true
"Insertion Sort","Paralelo",1,100000,"INVERTIDA",4,1782.9433,4044.5770009587714,true
"Insertion Sort","Paralelo",1,100000,"INVERTIDA",5,1777.4463,4047.6108591864436,true
"Insertion Sort","Paralelo",2,100000,"INVERTIDA",1,446.6914,5415.51445604249,true
"Insertion Sort","Paralelo",2,100000,"INVERTIDA",2,442.015,5425.992056645236,true
"Insertion Sort","Paralelo",2,100000,"INVERTIDA",3,442.2285,5425.511283579532,true
"Insertion Sort","Paralelo",2,100000,"INVERTIDA",4,439.2594,5432.218312735927,true
"Insertion Sort","Paralelo",2,100000,"INVERTIDA",5,445.0012,5419.2886261512685,true
"Insertion Sort","Paralelo",4,100000,"INVERTIDA",1,116.1382,6759.305311800309,true
"Insertion Sort","Paralelo",4,100000,"INVERTIDA",2,112.979,6786.852656503945,true
"Insertion Sort","Paralelo",4,100000,"INVERTIDA",3,113.9959,6777.902291874879,true
"Insertion Sort","Paralelo",4,100000,"INVERTIDA",4,114.9305,6769.746512179436,true
"Insertion Sort","Paralelo",4,100000,"INVERTIDA",5,117.5636,6747.120946708751,true
"Insertion Sort","Paralelo",8,100000,"INVERTIDA",1,51.3994,7573.812827679322,true
"Insertion Sort","Paralelo",8,100000,"INVERTIDA",2,63.7376,7358.787982617287,true
"Insertion Sort","Paralelo",8,100000,"INVERTIDA",3,44.3602,7721.0262975696705,true
"Insertion Sort","Paralelo",8,100000,"INVERTIDA",4,39.5648,7835.381200646646,true
"Insertion Sort","Paralelo",8,100000,"INVERTIDA",5,38.0193,7875.211660186833,true
"Quick Sort","Paralelo",1,100000,"INVERTIDA",1,4.4535,10000.0,true
"Quick Sort","Paralelo",1,100000,"INVERTIDA",2,4.2117,10000.0,true
"Quick Sort","Paralelo",1,100000,"INVERTIDA",3,4.2116,10000.0,true
"Quick Sort","Paralelo",1,100000,"INVERTIDA",4,4.0916,10000.0,true
"Quick Sort","Paralelo",1,100000,"INVERTIDA",5,3.8875,10000.0,true
"Quick Sort","Paralelo",2,100000,"INVERTIDA",1,2.8353,10000.0,true
"Quick Sort","Paralelo",2,100000,"INVERTIDA",2,2.5599,10000.0,true
"Quick Sort","Paralelo",2,100000,"INVERTIDA",3,2.4273,10000.0,true
"Quick Sort","Paralelo",2,100000,"INVERTIDA",4,2.4582,10000.0,true
"Quick Sort","Paralelo",2,100000,"INVERTIDA",5,2.3386,10000.0,true
"Quick Sort","Paralelo",4,100000,"INVERTIDA",1,1.9611,10000.0,true
"Quick Sort","Paralelo",4,100000,"INVERTIDA",2,1.6324,10000.0,true
"Quick Sort","Paralelo",4,100000,"INVERTIDA",3,1.8996,10000.0,true
"Quick Sort","Paralelo",4,100000,"INVERTIDA",4,1.9466,10000.0,true
"Quick Sort","Paralelo",4,100000,"INVERTIDA",5,1.9364,10000.0,true
"Quick Sort","Paralelo",8,100000,"INVERTIDA",1,2.1212,10000.0,true
"Quick Sort","Paralelo",8,100000,"INVERTIDA",2,1.5889,10000.0,true
"Quick Sort","Paralelo",8,100000,"INVERTIDA",3,1.725,10000.0,true
"Quick Sort","Paralelo",8,100000,"INVERTIDA",4,6.5336,9636.032705773996,true
"Quick Sort","Paralelo",8,100000,"INVERTIDA",5,1.827,10000.0,true
"Merge Sort","Paralelo",1,100000,"INVERTIDA",1,5.139,9876.118345639714,true
"Merge Sort","Paralelo",1,100000,"INVERTIDA",2,5.1762,9868.906029302172,true
"Merge Sort","Paralelo",1,100000,"INVERTIDA",3,5.524,9803.87846789751,true
"Merge Sort","Paralelo",1,100000,"INVERTIDA",4,5.5422,9800.589351590004,true
"Merge Sort","Paralelo",1,100000,"INVERTIDA",5,6.844,9589.621546598371,true
"Merge Sort","Paralelo",2,100000,"INVERTIDA",1,3.4693,10000.0,true
"Merge Sort","Paralelo",2,100000,"INVERTIDA",2,3.5704,10000.0,true
"Merge Sort","Paralelo",2,100000,"INVERTIDA",3,3.098,10000.0,true
"Merge Sort","Paralelo",2,100000,"INVERTIDA",4,3.1255,10000.0,true
"Merge Sort","Paralelo",2,100000,"INVERTIDA",5,3.3224,10000.0,true
"Merge Sort","Paralelo",4,100000,"INVERTIDA",1,2.7368,10000.0,true
"Merge Sort","Paralelo",4,100000,"INVERTIDA",2,2.9929,10000.0,true
"Merge Sort","Paralelo",4,100000,"INVERTIDA",3,2.2856,10000.0,true
"Merge Sort","Paralelo",4,100000,"INVERTIDA",4,2.3814,10000.0,true
"Merge Sort","Paralelo",4,100000,"INVERTIDA",5,2.9429,10000.0,true
"Merge Sort","Paralelo",8,100000,"INVERTIDA",1,2.6749,10000.0,true
"Merge Sort","Paralelo",8,100000,"INVERTIDA",2,2.2829,10000.0,true
"Merge Sort","Paralelo",8,100000,"INVERTIDA",3,2.3948,10000.0,true
"Merge Sort","Paralelo",8,100000,"INVERTIDA",4,2.4543,10000.0,true
"Merge Sort","Paralelo",8,100000,"INVERTIDA",5,2.5465,10000.0,true
"Bubble Sort","Serial",1,1000,"REPETIDA",1,0.9869,6921.928254120675,true
"Bubble Sort","Serial",1,1000,"REPETIDA",2,0.991,6917.786532917959,true
"Bubble Sort","Serial",1,1000,"REPETIDA",3,0.9368,6973.977107157498,true
"Bubble Sort","Serial",1,1000,"REPETIDA",4,0.9862,6922.637098198515,true
"Bubble Sort","Serial",1,1000,"REPETIDA",5,0.9899,6918.896040410603,true
"Insertion Sort","Serial",1,1000,"REPETIDA",1,0.096,9251.258361888733,true
"Insertion Sort","Serial",1,1000,"REPETIDA",2,0.0938,9274.43949755315,true
"Insertion Sort","Serial",1,1000,"REPETIDA",3,0.0903,9312.463393464535,true
"Insertion Sort","Serial",1,1000,"REPETIDA",4,0.09,9315.790883584252,true
"Insertion Sort","Serial",1,1000,"REPETIDA",5,0.0898,9318.01537862434,true
"Quick Sort","Serial",1,1000,"REPETIDA",1,0.0531,9843.386728306627,true
"Quick Sort","Serial",1,1000,"REPETIDA",2,0.0471,9963.284655832733,true
"Quick Sort","Serial",1,1000,"REPETIDA",3,0.0465,9976.104744289873,true
"Quick Sort","Serial",1,1000,"REPETIDA",4,0.0402,10000.0,true
"Quick Sort","Serial",1,1000,"REPETIDA",5,0.0495,9913.587387164545,true
"Merge Sort","Serial",1,1000,"REPETIDA",1,0.0805,9427.333870299804,true
"Merge Sort","Serial",1,1000,"REPETIDA",2,0.0719,9540.30619065259,true
"Merge Sort","Serial",1,1000,"REPETIDA",3,0.0676,9601.970172630578,true
"Merge Sort","Serial",1,1000,"REPETIDA",4,0.0674,9604.932937774734,true
"Merge Sort","Serial",1,1000,"REPETIDA",5,0.0656,9632.000459862646,true
"Bubble Sort","Paralelo",1,1000,"REPETIDA",1,0.9874,6921.422244980786,true
"Bubble Sort","Paralelo",1,1000,"REPETIDA",2,0.9587,6950.8905986219825,true
"Bubble Sort","Paralelo",1,1000,"REPETIDA",3,0.9461,6964.107938983357,true
"Bubble Sort","Paralelo",1,1000,"REPETIDA",4,0.9567,6952.97693793438,true
"Bubble Sort","Paralelo",1,1000,"REPETIDA",5,0.9451,6965.1644696374515,true
"Bubble Sort","Paralelo",2,1000,"REPETIDA",1,0.7738,7164.970616468993,true
"Bubble Sort","Paralelo",2,1000,"REPETIDA",2,0.764,7177.706477098316,true
"Bubble Sort","Paralelo",2,1000,"REPETIDA",3,0.6552,7331.225010875604,true
"Bubble Sort","Paralelo",2,1000,"REPETIDA",4,0.5752,7461.367786193326,true
"Bubble Sort","Paralelo",2,1000,"REPETIDA",5,0.5885,7438.521958165727,true
"Bubble Sort","Paralelo",4,1000,"REPETIDA",1,0.6348,7362.835167911729,true
"Bubble Sort","Paralelo",4,1000,"REPETIDA",2,0.6038,7412.871158477659,true
"Bubble Sort","Paralelo",4,1000,"REPETIDA",3,0.5655,7478.365602573229,true
"Bubble Sort","Paralelo",4,1000,"REPETIDA",4,0.6044,7411.878544989571,true
"Bubble Sort","Paralelo",4,1000,"REPETIDA",5,0.6482,7341.959257265947,true
"Bubble Sort","Paralelo",8,1000,"REPETIDA",1,0.8304,7094.433100961322,true
"Bubble Sort","Paralelo",8,1000,"REPETIDA",2,0.8073,7122.622185871935,true
"Bubble Sort","Paralelo",8,1000,"REPETIDA",3,0.829,7096.119059398268,true
"Bubble Sort","Paralelo",8,1000,"REPETIDA",4,0.832,7092.509771222923,true
"Bubble Sort","Paralelo",8,1000,"REPETIDA",5,0.778,7159.5617313007615,true
"Insertion Sort","Paralelo",1,1000,"REPETIDA",1,0.1098,9116.959822861265,true
"Insertion Sort","Paralelo",1,1000,"REPETIDA",2,0.0874,9345.102671483626,true
"Insertion Sort","Paralelo",1,1000,"REPETIDA",3,0.0857,9364.743428688504,true
"Insertion Sort","Paralelo",1,1000,"REPETIDA",4,0.0852,9370.59432049969,true
"Insertion Sort","Paralelo",1,1000,"REPETIDA",5,0.0848,9375.2998115711,true
"Insertion Sort","Paralelo",2,1000,"REPETIDA",1,0.4643,7675.443855184505,true
"Insertion Sort","Paralelo",2,1000,"REPETIDA",2,0.3891,7852.063202293992,true
"Insertion Sort","Paralelo",2,1000,"REPETIDA",3,0.3798,7876.245487480325,true
"Insertion Sort","Paralelo",2,1000,"REPETIDA",4,0.3296,8017.960305622809,true
"Insertion Sort","Paralelo",2,1000,"REPETIDA",5,0.3716,7898.06408199841,true
"Insertion Sort","Paralelo",4,1000,"REPETIDA",1,0.4858,7630.199223433585,true
"Insertion Sort","Paralelo",4,1000,"REPETIDA",2,0.521,7560.281380537529,true
"Insertion Sort","Paralelo",4,1000,"REPETIDA",3,0.505,7591.457001219327,true
"Insertion Sort","Paralelo",4,1000,"REPETIDA",4,0.4969,7607.618535942075,true
"Insertion Sort","Paralelo",4,1000,"REPETIDA",5,0.5086,7584.3571756831125,true
"Insertion Sort","Paralelo",8,1000,"REPETIDA",1,0.8471,7074.538547940056,true
"Insertion Sort","Paralelo",8,1000,"REPETIDA",2,1.036,6873.423598867203,true
"Insertion Sort","Paralelo",8,1000,"REPETIDA",3,1.0874,6825.052562461319,true
"Insertion Sort","Paralelo",8,1000,"REPETIDA",4,0.8628,7056.19007145131,true
"Insertion Sort","Paralelo",8,1000,"REPETIDA",5,0.94,6970.570241176892,true
"Quick Sort","Paralelo",1,1000,"REPETIDA",1,0.3803,7874.930370734343,true
"Quick Sort","Paralelo",1,1000,"REPETIDA",2,0.3502,7957.356276806815,true
"Quick Sort","Paralelo",1,1000,"REPETIDA",3,0.3125,8071.218539969863,true
"Quick Sort","Paralelo",1,1000,"REPETIDA",4,0.3096,8080.538968332512,true
"Quick Sort","Paralelo",1,1000,"REPETIDA",5,0.3943,7838.792739364876,true
"Quick Sort","Paralelo",2,1000,"REPETIDA",1,0.39,7849.753742810349,true
"Quick Sort","Paralelo",2,1000,"REPETIDA",2,0.3495,7959.356435229511,true
"Quick Sort","Paralelo",2,1000,"REPETIDA",3,0.3323,8009.804627404309,true
"Quick Sort","Paralelo",2,1000,"REPETIDA",4,0.2939,8132.564841359258,true
"Quick Sort","Paralelo",2,1000,"REPETIDA",5,0.3148,8063.887791881902,true
"Quick Sort","Paralelo",4,1000,"REPETIDA",1,0.3921,7844.385671814871,true
"Quick Sort","Paralelo",4,1000,"REPETIDA",2,0.3602,7929.211260365972,true
"Quick Sort","Paralelo",4,1000,"REPETIDA",3,0.3642,7918.171524366045,true
"Quick Sort","Paralelo",4,1000,"REPETIDA",4,0.2749,8199.378025014992,true
"Quick Sort","Paralelo",4,1000,"REPETIDA",5,0.3024,8104.062267945231,true
"Quick Sort","Paralelo",8,1000,"REPETIDA",1,0.479,7644.28884586948,true
"Quick Sort","Paralelo",8,1000,"REPETIDA",2,0.3845,7863.951195117394,true
"Quick Sort","Paralelo",8,1000,"REPETIDA",3,0.4506,7705.381028476437,true
"Quick Sort","Paralelo",8,1000,"REPETIDA",4,0.3196,8048.7598930109525,true
"Quick Sort","Paralelo",8,1000,"REPETIDA",5,0.3029,8102.410694066139,true
"Merge Sort","Paralelo",1,1000,"REPETIDA",1,0.422,7770.927154911305,true
"Merge Sort","Paralelo",1,1000,"REPETIDA",2,0.4035,7815.737488870037,true
"Merge Sort","Paralelo",1,1000,"REPETIDA",3,0.3893,7851.54952759028,true
"Merge Sort","Paralelo",1,1000,"REPETIDA",4,0.3672,7909.971031816518,true
"Merge Sort","Paralelo",1,1000,"REPETIDA",5,0.3353,8000.820148291609,true
"Merge Sort","Paralelo",2,1000,"REPETIDA",1,0.3409,7984.262220727214,true
"Merge Sort","Paralelo",2,1000,"REPETIDA",2,0.3323,8009.804627404309,true
"Merge Sort","Paralelo",2,1000,"REPETIDA",3,0.3275,8024.349949272548,true
"Merge Sort","Paralelo",2,1000,"REPETIDA",4,0.3179,8054.091539528018,true
"Merge Sort","Paralelo",2,1000,"REPETIDA",5,0.3219,8041.591467860822,true
"Merge Sort","Paralelo",4,1000,"REPETIDA",1,0.3484,7962.507652308739,true
"Merge Sort","Paralelo",4,1000,"REPETIDA",2,0.3427,7978.9977703754785,true
"Merge Sort","Paralelo",4,1000,"REPETIDA",3,0.3486,7961.93396413149,true
"Merge Sort","Paralelo",4,1000,"REPETIDA",4,0.3118,8073.46035274108,true
"Merge Sort","Paralelo",4,1000,"REPETIDA",5,0.288,8152.838036364288,true
"Merge Sort","Paralelo",8,1000,"REPETIDA",1,0.3418,7981.626528882471,true
"Merge Sort","Paralelo",8,1000,"REPETIDA",2,0.323,8038.181182588348,true
"Merge Sort","Paralelo",8,1000,"REPETIDA",3,0.3345,8003.208122463338,true
"Merge Sort","Paralelo",8,1000,"REPETIDA",4,0.3336,8005.901431847575,true
"Merge Sort","Paralelo",8,1000,"REPETIDA",5,0.3514,7953.936720484757,true
"Bubble Sort","Serial",1,5000,"REPETIDA",1,22.9263,5389.483247949039,true
"Bubble Sort","Serial",1,5000,"REPETIDA",2,22.8923,5390.960592674638,true
"Bubble Sort","Serial",1,5000,"REPETIDA",3,24.2513,5333.561502607496,true
"Bubble Sort","Serial",1,5000,"REPETIDA",4,23.8493,5350.196844880231,true
"Bubble Sort","Serial",1,5000,"REPETIDA",5,23.3784,5370.04545523596,true
"Insertion Sort","Serial",1,5000,"REPETIDA",1,2.2008,7728.812323946013,true
"Insertion Sort","Serial",1,5000,"REPETIDA",2,2.1279,7762.483102988741,true
"Insertion Sort","Serial",1,5000,"REPETIDA",3,2.1491,7752.573769221059,true
"Insertion Sort","Serial",1,5000,"REPETIDA",4,2.3016,7684.048872246288,true
"Insertion Sort","Serial",1,5000,"REPETIDA",5,2.4884,7606.050813955892,true
"Quick Sort","Serial",1,5000,"REPETIDA",1,0.3455,9580.024924803356,true
"Quick Sort","Serial",1,5000,"REPETIDA",2,0.336,9607.904508177353,true
"Quick Sort","Serial",1,5000,"REPETIDA",3,0.3279,9632.305364397498,true
"Quick Sort","Serial",1,5000,"REPETIDA",4,0.3401,9595.77679607197,true
"Quick Sort","Serial",1,5000,"REPETIDA",5,0.3188,9660.448281449731,true
"Merge Sort","Serial",1,5000,"REPETIDA",1,0.4662,9280.42697945014,true
"Merge Sort","Serial",1,5000,"REPETIDA",2,0.4246,9373.88583752372,true
"Merge Sort","Serial",1,5000,"REPETIDA",3,0.4368,9345.560402152018,true
"Merge Sort","Serial",1,5000,"REPETIDA",4,0.4971,9216.256672355907,true
"Merge Sort","Serial",1,5000,"REPETIDA",5,0.4352,9349.22981106888,true
"Bubble Sort","Paralelo",1,5000,"REPETIDA",1,23.9165,5347.396490480763,true
"Bubble Sort","Paralelo",1,5000,"REPETIDA",2,23.025,5385.207038701604,true
"Bubble Sort","Paralelo",1,5000,"REPETIDA",3,23.5715,5361.858058761783,true
"Bubble Sort","Paralelo",1,5000,"REPETIDA",4,23.1903,5378.08644096369,true
"Bubble Sort","Paralelo",1,5000,"REPETIDA",5,24.0773,5340.72760626801,true
"Bubble Sort","Paralelo",2,5000,"REPETIDA",1,6.2759,6681.730683308269,true
"Bubble Sort","Paralelo",2,5000,"REPETIDA",2,6.4436,6655.393691587691,true
"Bubble Sort","Paralelo",2,5000,"REPETIDA",3,5.9578,6733.6827566559,true
"Bubble Sort","Paralelo",2,5000,"REPETIDA",4,6.0881,6712.074024538136,true
"Bubble Sort","Paralelo",2,5000,"REPETIDA",5,6.6517,6623.650186202611,true
"Bubble Sort","Paralelo",4,5000,"REPETIDA",1,2.2194,7720.400083846327,true
"Bubble Sort","Paralelo",4,5000,"REPETIDA",2,3.1174,7380.817156060519,true
"Bubble Sort","Paralelo",4,5000,"REPETIDA",3,2.2982,7685.526517972734,true
"Bubble Sort","Paralelo",4,5000,"REPETIDA",4,2.2232,7718.690133147009,true
"Bubble Sort","Paralelo",4,5000,"REPETIDA",5,2.1214,7765.541133345696,true
"Bubble Sort","Paralelo",8,5000,"REPETIDA",1,1.5717,8065.349645921623,true
"Bubble Sort","Paralelo",8,5000,"REPETIDA",2,1.5645,8069.9397583464415,true
"Bubble Sort","Paralelo",8,5000,"REPETIDA",3,1.5866,8055.91709919513,true
"Bubble Sort","Paralelo",8,5000,"REPETIDA",4,1.6874,7994.341731733281,true
"Bubble Sort","Paralelo",8,5000,"REPETIDA",5,1.4832,8123.287871597839,true
"Insertion Sort","Paralelo",1,5000,"REPETIDA",1,2.1343,7759.48123627004,true
"Insertion Sort","Paralelo",1,5000,"REPETIDA",2,2.2194,7720.400083846327,true
"Insertion Sort","Paralelo",1,5000,"REPETIDA",3,2.2068,7726.090951629423,true
"Insertion Sort","Paralelo",1,5000,"REPETIDA",4,2.2571,7703.5637061013085,true
"Insertion Sort","Paralelo",1,5000,"REPETIDA",5,2.2283,7716.399789228529,true
"Insertion Sort","Paralelo",2,5000,"REPETIDA",1,1.0532,8465.57066059473,true
"Insertion Sort","Paralelo",2,5000,"REPETIDA",2,0.9724,8545.375689047622,true
"Insertion Sort","Paralelo",2,5000,"REPETIDA",3,0.9277,8592.425588528731,true
"Insertion Sort","Paralelo",2,5000,"REPETIDA",4,0.8803,8644.861756434771,true
"Insertion Sort","Paralelo",2,5000,"REPETIDA",5,0.9215,8599.129976307338,true
"Insertion Sort","Paralelo",4,5000,"REPETIDA",1,0.6929,8884.201352163718,true
"Insertion Sort","Paralelo",4,5000,"REPETIDA",2,0.657,8937.39584328154,true
"Insertion Sort","Paralelo",4,5000,"REPETIDA",3,0.6116,9008.992308862986,true
"Insertion Sort","Paralelo",4,5000,"REPETIDA",4,0.6268,8984.4463120596,true
"Insertion Sort","Paralelo",4,5000,"REPETIDA",5,0.6261,8985.56357980774,true
"Insertion Sort","Paralelo",8,5000,"REPETIDA",1,0.8896,8634.35445107617,true
"Insertion Sort","Paralelo",8,5000,"REPETIDA",2,0.9127,8608.723754217144,true
"Insertion Sort","Paralelo",8,5000,"REPETIDA",3,0.8808,8644.294029475554,true
"Insertion Sort","Paralelo",8,5000,"REPETIDA",4,0.8342,8698.642114719285,true
"Insertion Sort","Paralelo",8,5000,"REPETIDA",5,1.1702,8360.25252966115,true
"Quick Sort","Paralelo",1,5000,"REPETIDA",1,0.7013,8872.152965019995,true
"Quick Sort","Paralelo",1,5000,"REPETIDA",2,0.6188,8997.290104041827,true
"Quick Sort","Paralelo",1,5000,"REPETIDA",3,4.9028,6928.366800496446,true
"Quick Sort","Paralelo",1,5000,"REPETIDA",4,0.7807,8764.913645083547,true
"Quick Sort","Paralelo",1,5000,"REPETIDA",5,0.71,8859.825490281968,true
"Quick Sort","Paralelo",2,5000,"REPETIDA",1,0.7083,8862.222387605967,true
"Quick Sort","Paralelo",2,5000,"REPETIDA",2,0.635,8971.450463441864,true
"Quick Sort","Paralelo",2,5000,"REPETIDA",3,0.6552,8940.138969274525,true
"Quick Sort","Paralelo",2,5000,"REPETIDA",4,0.665,8925.294420898805,true
"Quick Sort","Paralelo",2,5000,"REPETIDA",5,0.655,8940.444226183372,true
"Quick Sort","Paralelo",4,5000,"REPETIDA",1,0.8266,8707.792874656898,true
"Quick Sort","Paralelo",4,5000,"REPETIDA",2,0.6924,8884.92311750885,true
"Quick Sort","Paralelo",4,5000,"REPETIDA",3,0.6453,8955.362197129056,true
"Quick Sort","Paralelo",4,5000,"REPETIDA",4,0.6296,8979.989685367924,true
"Quick Sort","Paralelo",4,5000,"REPETIDA",5,0.6699,8917.953993909634,true
"Quick Sort","Paralelo",8,5000,"REPETIDA",1,0.6473,8952.268056467688,true
"Quick Sort","Paralelo",8,5000,"REPETIDA",2,0.6023,9024.313263093976,true
"Quick Sort","Paralelo",8,5000,"REPETIDA",3,0.5846,9054.137530886619,true
"Quick Sort","Paralelo",8,5000,"REPETIDA",4,0.6376,8967.364854792386,true
"Quick Sort","Paralelo",8,5000,"REPETIDA",5,0.555,9106.091350491895,true
"Merge Sort","Paralelo",1,5000,"REPETIDA",1,0.7891,8754.21322241912,true
"Merge Sort","Paralelo",1,5000,"REPETIDA",2,0.7451,8811.579041736315,true
"Merge Sort","Paralelo",1,5000,"REPETIDA",3,0.7074,8863.493663619643,true
"Merge Sort","Paralelo",1,5000,"REPETIDA",4,0.6942,8882.327197333307,true
"Merge Sort","Paralelo",1,5000,"REPETIDA",5,0.6178,8998.907242280986,true
"Merge Sort","Paralelo",2,5000,"REPETIDA",1,0.6765,8908.151313635311,true
"Merge Sort","Paralelo",2,5000,"REPETIDA",2,0.7928,8749.536034813289,true
"Merge Sort","Paralelo",2,5000,"REPETIDA",3,0.7641,8786.402608069066,true
"Merge Sort","Paralelo",2,5000,"REPETIDA",4,0.6462,8953.968648657208,true
"Merge Sort","Paralelo",2,5000,"REPETIDA",5,0.6867,8893.18828534147,true
"Merge Sort","Paralelo",4,5000,"REPETIDA",1,0.7347,8825.633146977518,true
"Merge Sort","Paralelo",4,5000,"REPETIDA",2,0.7211,8844.314856076955,true
"Merge Sort","Paralelo",4,5000,"REPETIDA",3,0.6759,8909.038505156073,true
"Merge Sort","Paralelo",4,5000,"REPETIDA",4,0.636,8969.877098969018,true
"Merge Sort","Paralelo",4,5000,"REPETIDA",5,0.6536,8942.583638309467,true
"Merge Sort","Paralelo",8,5000,"REPETIDA",1,0.664,8926.799112104802,true
"Merge Sort","Paralelo",8,5000,"REPETIDA",2,0.6195,8996.159661654207,true
"Merge Sort","Paralelo",8,5000,"REPETIDA",3,0.6248,8987.641824066048,true
"Merge Sort","Paralelo",8,5000,"REPETIDA",4,0.7227,8842.098801664539,true
"Merge Sort","Paralelo",8,5000,"REPETIDA",5,0.7075,8863.3523308708,true
"Bubble Sort","Serial",1,10000,"REPETIDA",1,113.6395,4488.609080225325,true
"Bubble Sort","Serial",1,10000,"REPETIDA",2,116.1854,4466.704743939184,true
"Bubble Sort","Serial",1,10000,"REPETIDA",3,112.6532,4497.228637775547,true
"Bubble Sort","Serial",1,10000,"REPETIDA",4,113.1115,4493.213971371938,true
"Bubble Sort","Serial",1,10000,"REPETIDA",5,113.0908,4493.39494653427,true
"Insertion Sort","Serial",1,10000,"REPETIDA",1,8.6243,7056.618630093584,true
"Insertion Sort","Serial",1,10000,"REPETIDA",2,8.7916,7037.4224255804065,true
"Insertion Sort","Serial",1,10000,"REPETIDA",3,8.4997,7071.159112200467,true
"Insertion Sort","Serial",1,10000,"REPETIDA",4,8.7669,7040.233411776969,true
"Insertion Sort","Serial",1,10000,"REPETIDA",5,8.685,7049.611095355215,true
"Quick Sort","Serial",1,10000,"REPETIDA",1,0.9352,9277.428756427738,true
"Quick Sort","Serial",1,10000,"REPETIDA",2,0.9665,9244.510997639623,true
"Quick Sort","Serial",1,10000,"REPETIDA",3,0.9227,9290.883762117195,true
"Quick Sort","Serial",1,10000,"REPETIDA",4,0.9154,9298.826058549248,true
"Quick Sort","Serial",1,10000,"REPETIDA",5,0.9495,9262.255066198513,true
"Merge Sort","Serial",1,10000,"REPETIDA",1,0.9601,9251.154210646077,true
"Merge Sort","Serial",1,10000,"REPETIDA",2,0.9105,9304.192797645857,true
"Merge Sort","Serial",1,10000,"REPETIDA",3,0.859,9362.412625284871,true
"Merge Sort","Serial",1,10000,"REPETIDA",4,0.8364,9389.072319906212,true
"Merge Sort","Serial",1,10000,"REPETIDA",5,0.8376,9387.63874789432,true
"Bubble Sort","Paralelo",1,10000,"REPETIDA",1,110.8557,4513.135591824871,true
"Bubble Sort","Paralelo",1,10000,"REPETIDA",2,113.1394,4492.970101308551,true
"Bubble Sort","Paralelo",1,10000,"REPETIDA",3,114.826,4478.339608200109,true
"Bubble Sort","Paralelo",1,10000,"REPETIDA",4,112.5864,4497.8151783282,true
"Bubble Sort","Paralelo",1,10000,"REPETIDA",5,112.9007,4495.058513495626,true
"Bubble Sort","Paralelo",2,10000,"REPETIDA",1,25.1838,5986.654655518022,true
"Bubble Sort","Paralelo",2,10000,"REPETIDA",2,25.0595,5991.5901901653,true
"Bubble Sort","Paralelo",2,10000,"REPETIDA",3,23.459,6057.429308077701,true
"Bubble Sort","Paralelo",2,10000,"REPETIDA",4,24.23,6025.168906416401,true
"Bubble Sort","Paralelo",2,10000,"REPETIDA",5,25.296,5982.220497456304,true
"Bubble Sort","Paralelo",4,10000,"REPETIDA",1,6.4175,7351.953282379551,true
"Bubble Sort","Paralelo",4,10000,"REPETIDA",2,7.2745,7226.692475339373,true
"Bubble Sort","Paralelo",4,10000,"REPETIDA",3,6.2059,7385.460317032083,true
"Bubble Sort","Paralelo",4,10000,"REPETIDA",4,6.5778,7327.297592807327,true
"Bubble Sort","Paralelo",4,10000,"REPETIDA",5,6.2436,7379.4075980424495,true
"Bubble Sort","Paralelo",8,10000,"REPETIDA",1,3.9318,7841.636138409812,true
"Bubble Sort","Paralelo",8,10000,"REPETIDA",2,3.9613,7834.1641693157535,true
"Bubble Sort","Paralelo",8,10000,"REPETIDA",3,3.8571,7860.810401833027,true
"Bubble Sort","Paralelo",8,10000,"REPETIDA",4,3.7223,7896.370775916902,true
"Bubble Sort","Paralelo",8,10000,"REPETIDA",5,3.855,7861.354790674855,true
"Insertion Sort","Paralelo",1,10000,"REPETIDA",1,8.3875,7084.436268124165,true
"Insertion Sort","Paralelo",1,10000,"REPETIDA",2,8.5859,7061.07727073108,true
"Insertion Sort","Paralelo",1,10000,"REPETIDA",3,8.3973,7083.269523991596,true
"Insertion Sort","Paralelo",1,10000,"REPETIDA",4,8.6873,7049.346535805499,true
"Insertion Sort","Paralelo",1,10000,"REPETIDA",5,8.4613,7075.683318094409,true
"Insertion Sort","Paralelo",2,10000,"REPETIDA",1,2.6742,8226.9574860274,true
"Insertion Sort","Paralelo",2,10000,"REPETIDA",2,2.6203,8247.313552617581,true
"Insertion Sort","Paralelo",2,10000,"REPETIDA",3,2.5802,8262.731443385848,true
"Insertion Sort","Paralelo",2,10000,"REPETIDA",4,2.5375,8279.41474541919,true
"Insertion Sort","Paralelo",2,10000,"REPETIDA",5,2.5684,8267.314042060681,true
"Insertion Sort","Paralelo",4,10000,"REPETIDA",1,1.3055,8943.884804298226,true
"Insertion Sort","Paralelo",4,10000,"REPETIDA",2,1.323,8930.570778092491,true
"Insertion Sort","Paralelo",4,10000,"REPETIDA",3,1.5639,8763.314048288508,true
"Insertion Sort","Paralelo",4,10000,"REPETIDA",4,1.2022,9026.307373127413,true
"Insertion Sort","Paralelo",4,10000,"REPETIDA",5,1.6254,8724.748959431021,true
"Insertion Sort","Paralelo",8,10000,"REPETIDA",1,1.3195,8933.219436310306,true
"Insertion Sort","Paralelo",8,10000,"REPETIDA",2,0.9647,9246.374944128882,true
"Insertion Sort","Paralelo",8,10000,"REPETIDA",3,0.9236,9289.908929213057,true
"Insertion Sort","Paralelo",8,10000,"REPETIDA",4,0.8717,9347.737489141706,true
"Insertion Sort","Paralelo",8,10000,"REPETIDA",5,0.9324,9280.42697945014,true
"Quick Sort","Paralelo",1,10000,"REPETIDA",1,1.2081,9021.412297135861,true
"Quick Sort","Paralelo",1,10000,"REPETIDA",2,1.1536,9067.568237774181,true
"Quick Sort","Paralelo",1,10000,"REPETIDA",3,1.1902,9036.33802466525,true
"Quick Sort","Paralelo",1,10000,"REPETIDA",4,1.2773,8965.719618752808,true
"Quick Sort","Paralelo",1,10000,"REPETIDA",5,1.3408,8917.20799224258,true
"Quick Sort","Paralelo",2,10000,"REPETIDA",1,1.3182,8934.205013652207,true
"Quick Sort","Paralelo",2,10000,"REPETIDA",2,1.2257,9006.950825100112,true
"Quick Sort","Paralelo",2,10000,"REPETIDA",3,1.1741,9049.95587843014,true
"Quick Sort","Paralelo",2,10000,"REPETIDA",4,1.1508,9069.998092659733,true
"Quick Sort","Paralelo",2,10000,"REPETIDA",5,1.1615,9060.744242002967,true
"Quick Sort","Paralelo",4,10000,"REPETIDA",1,1.2152,9015.553212293798,true
"Quick Sort","Paralelo",4,10000,"REPETIDA",2,1.2253,9007.277182496731,true
"Quick Sort","Paralelo",4,10000,"REPETIDA",3,1.1871,9038.945716853357,true
"Quick Sort","Paralelo",4,10000,"REPETIDA",4,1.3723,8893.989428267558,true
"Quick Sort","Paralelo",4,10000,"REPETIDA",5,1.2836,8960.800093485177,true
"Quick Sort","Paralelo",8,10000,"REPETIDA",1,1.3462,8913.189174321247,true
"Quick Sort","Paralelo",8,10000,"REPETIDA",2,1.401,8873.294194808224,true
"Quick Sort","Paralelo",8,10000,"REPETIDA",3,1.3314,8924.242482929374,true
"Quick Sort","Paralelo",8,10000,"REPETIDA",4,1.1576,9064.107228941375,true
"Quick Sort","Paralelo",8,10000,"REPETIDA",5,1.165,9057.73577817292,true
"Merge Sort","Paralelo",1,10000,"REPETIDA",1,1.1331,9085.496436152705,true
"Merge Sort","Paralelo",1,10000,"REPETIDA",2,1.1062,9109.520267279802,true
"Merge Sort","Paralelo",1,10000,"REPETIDA",3,1.1618,9060.486018651512,true
"Merge Sort","Paralelo",1,10000,"REPETIDA",4,1.1189,9098.106195885424,true
"Merge Sort","Paralelo",1,10000,"REPETIDA",5,1.1073,9108.526476124143,true
"Merge Sort","Paralelo",2,10000,"REPETIDA",1,1.1865,9039.451218044147,true
"Merge Sort","Paralelo",2,10000,"REPETIDA",2,1.1788,9045.961273147479,true
"Merge Sort","Paralelo",2,10000,"REPETIDA",3,1.2454,8991.008140765507,true
"Merge Sort","Paralelo",2,10000,"REPETIDA",4,1.2848,8959.865779512975,true
"Merge Sort","Paralelo",2,10000,"REPETIDA",5,1.0637,9148.693340043814,true
"Merge Sort","Paralelo",4,10000,"REPETIDA",1,1.3755,8891.660611134555,true
"Merge Sort","Paralelo",4,10000,"REPETIDA",2,1.0449,9166.523669459555,true
"Merge Sort","Paralelo",4,10000,"REPETIDA",3,1.0801,9133.394746701231,true
"Merge Sort","Paralelo",4,10000,"REPETIDA",4,1.2393,8995.917590208803,true
"Merge Sort","Paralelo",4,10000,"REPETIDA",5,1.215,9015.717787803143,true
"Merge Sort","Paralelo",8,10000,"REPETIDA",1,1.1448,9075.224896163743,true
"Merge Sort","Paralelo",8,10000,"REPETIDA",2,1.2058,9023.31769763383,true
"Merge Sort","Paralelo",8,10000,"REPETIDA",3,1.2641,8976.106367467737,true
"Merge Sort","Paralelo",8,10000,"REPETIDA",4,1.1601,9061.95016694832,true
"Merge Sort","Paralelo",8,10000,"REPETIDA",5,1.2195,9012.021375867049,true
"Bubble Sort","Serial",1,100000,"REPETIDA",1,13846.9509,2106.789953648892,true
"Bubble Sort","Serial",1,100000,"REPETIDA",2,13886.2526,2104.3008369165814,true
"Bubble Sort","Serial",1,100000,"REPETIDA",3,13898.493,2103.527222468423,true
"Bubble Sort","Serial",1,100000,"REPETIDA",4,13899.0798,2103.490154897435,true
"Bubble Sort","Serial",1,100000,"REPETIDA",5,13980.9515,2098.335546321755,true
"Insertion Sort","Serial",1,100000,"REPETIDA",1,876.917,4745.244062036677,true
"Insertion Sort","Serial",1,100000,"REPETIDA",2,880.8774,4740.777211856191,true
"Insertion Sort","Serial",1,100000,"REPETIDA",3,872.1351,4750.664661572243,true
"Insertion Sort","Serial",1,100000,"REPETIDA",4,880.1565,4741.588789416211,true
"Insertion Sort","Serial",1,100000,"REPETIDA",5,872.4197,4750.341210605737,true
"Quick Sort","Serial",1,100000,"REPETIDA",1,58.8248,7438.950005327551,true
"Quick Sort","Serial",1,100000,"REPETIDA",2,58.6974,7441.116833930618,true
"Quick Sort","Serial",1,100000,"REPETIDA",3,58.1205,7450.988059580369,true
"Quick Sort","Serial",1,100000,"REPETIDA",4,58.2465,7448.8237555996575,true
"Quick Sort","Serial",1,100000,"REPETIDA",5,59.9758,7419.58389565928,true
"Merge Sort","Serial",1,100000,"REPETIDA",1,10.0852,9201.95730924265,true
"Merge Sort","Serial",1,100000,"REPETIDA",2,10.0205,9208.392670338697,true
"Merge Sort","Serial",1,100000,"REPETIDA",3,10.2249,9188.201786813215,true
"Merge Sort","Serial",1,100000,"REPETIDA",4,9.9958,9210.860413205419,true
"Merge Sort","Serial",1,100000,"REPETIDA",5,10.595,9152.649217637661,true
"Bubble Sort","Paralelo",1,100000,"REPETIDA",1,13884.4848,2104.412628158781,true
"Bubble Sort","Paralelo",1,100000,"REPETIDA",2,13862.5958,2105.7981580532623,true
"Bubble Sort","Paralelo",1,100000,"REPETIDA",3,13893.6913,2103.8306070592926,true
"Bubble Sort","Paralelo",1,100000,"REPETIDA",4,13895.8762,2103.692544493786,true
"Bubble Sort","Paralelo",1,100000,"REPETIDA",5,13904.3905,2103.1547631095627,true
"Bubble Sort","Paralelo",2,100000,"REPETIDA",1,3410.9256,3411.7269285220523,true
"Bubble Sort","Paralelo",2,100000,"REPETIDA",2,3419.9901,3409.1606149084237,true
"Bubble Sort","Paralelo",2,100000,"REPETIDA",3,3415.1326,3410.5349804970456,true
"Bubble Sort","Paralelo",2,100000,"REPETIDA",4,3388.9343,3417.9824317848447,true
"Bubble Sort","Paralelo",2,100000,"REPETIDA",5,3380.3375,3420.439227836189,true
"Bubble Sort","Paralelo",4,100000,"REPETIDA",1,823.535,4807.521039277106,true
"Bubble Sort","Paralelo",4,100000,"REPETIDA",2,806.422,4828.350164216454,true
"Bubble Sort","Paralelo",4,100000,"REPETIDA",3,803.4729,4831.984630232572,true
"Bubble Sort","Paralelo",4,100000,"REPETIDA",4,817.088,4815.316343863506,true
"Bubble Sort","Paralelo",4,100000,"REPETIDA",5,805.1088,4829.966892309357,true
"Bubble Sort","Paralelo",8,100000,"REPETIDA",1,256.5401,5968.202593271765,true
"Bubble Sort","Paralelo",8,100000,"REPETIDA",2,263.2081,5942.609114057674,true
"Bubble Sort","Paralelo",8,100000,"REPETIDA",3,238.399,6041.36087722288,true
"Bubble Sort","Paralelo",8,100000,"REPETIDA",4,234.6424,6057.206487364176,true
"Bubble Sort","Paralelo",8,100000,"REPETIDA",5,244.1409,6017.61838092877,true
"Insertion Sort","Paralelo",1,100000,"REPETIDA",1,897.9672,4721.731517436221,true
"Insertion Sort","Paralelo",1,100000,"REPETIDA",2,890.7554,4729.723713962255,true
"Insertion Sort","Paralelo",1,100000,"REPETIDA",3,889.8584,4730.722340948004,true
"Insertion Sort","Paralelo",1,100000,"REPETIDA",4,886.558,4734.4054272500825,true
"Insertion Sort","Paralelo",1,100000,"REPETIDA",5,888.2317,4732.535933858213,true
"Insertion Sort","Paralelo",2,100000,"REPETIDA",1,221.068,6116.663358514637,true
"Insertion Sort","Paralelo",2,100000,"REPETIDA",2,221.896,6112.933163076155,true
"Insertion Sort","Paralelo",2,100000,"REPETIDA",3,221.9728,6112.587881170389,true
"Insertion Sort","Paralelo",2,100000,"REPETIDA",4,221.7345,6113.659635076431,true
"Insertion Sort","Paralelo",2,100000,"REPETIDA",5,221.6974,6113.826596115732,true
"Insertion Sort","Paralelo",4,100000,"REPETIDA",1,56.0719,7486.851231050952,true
"Insertion Sort","Paralelo",4,100000,"REPETIDA",2,60.49,7411.052119973146,true
"Insertion Sort","Paralelo",4,100000,"REPETIDA",3,56.3561,7481.798380605955,true
"Insertion Sort","Paralelo",4,100000,"REPETIDA",4,59.3601,7429.89660636502,true
"Insertion Sort","Paralelo",4,100000,"REPETIDA",5,63.459,7363.165825630014,true
"Insertion Sort","Paralelo",8,100000,"REPETIDA",1,25.4678,8275.765201413338,true
"Insertion Sort","Paralelo",8,100000,"REPETIDA",2,22.8086,8386.01586713911,true
"Insertion Sort","Paralelo",8,100000,"REPETIDA",3,23.853,8341.253970939015,true
"Insertion Sort","Paralelo",8,100000,"REPETIDA",4,21.5586,8442.366218867419,true
"Insertion Sort","Paralelo",8,100000,"REPETIDA",5,22.19,8413.505603409563,true
"Quick Sort","Paralelo",1,100000,"REPETIDA",1,71.2579,7247.332100011036,true
"Quick Sort","Paralelo",1,100000,"REPETIDA",2,63.6861,7359.595794854617,true
"Quick Sort","Paralelo",1,100000,"REPETIDA",3,61.2558,7398.479296613953,true
"Quick Sort","Paralelo",1,100000,"REPETIDA",4,63.1228,7368.474458326584,true
"Quick Sort","Paralelo",1,100000,"REPETIDA",5,59.5453,7426.783373344769,true
"Quick Sort","Paralelo",2,100000,"REPETIDA",1,31.8792,8051.29044666259,true
"Quick Sort","Paralelo",2,100000,"REPETIDA",2,33.7346,7994.7387371944515,true
"Quick Sort","Paralelo",2,100000,"REPETIDA",3,33.4782,8002.36571020813,true
"Quick Sort","Paralelo",2,100000,"REPETIDA",4,31.7112,8056.572595914865,true
"Quick Sort","Paralelo",2,100000,"REPETIDA",5,32.8612,8020.961392483192,true
"Quick Sort","Paralelo",4,100000,"REPETIDA",1,17.7726,8635.445229702744,true
"Quick Sort","Paralelo",4,100000,"REPETIDA",2,19.8503,8524.904827901995,true
"Quick Sort","Paralelo",4,100000,"REPETIDA",3,17.7706,8635.557748813757,true
"Quick Sort","Paralelo",4,100000,"REPETIDA",4,17.9663,8624.607330957437,true
"Quick Sort","Paralelo",4,100000,"REPETIDA",5,18.0609,8619.35667702817,true
"Quick Sort","Paralelo",8,100000,"REPETIDA",1,12.3119,9002.482302045359,true
"Quick Sort","Paralelo",8,100000,"REPETIDA",2,12.4962,8987.625821072239,true
"Quick Sort","Paralelo",8,100000,"REPETIDA",3,13.8358,8885.804377474005,true
"Quick Sort","Paralelo",8,100000,"REPETIDA",4,11.6573,9057.10943796008,true
"Quick Sort","Paralelo",8,100000,"REPETIDA",5,13.5897,8903.74919987286,true
"Merge Sort","Paralelo",1,100000,"REPETIDA",1,10.2885,9182.001578052581,true
"Merge Sort","Paralelo",1,100000,"REPETIDA",2,10.1957,9191.061353995226,true
"Merge Sort","Paralelo",1,100000,"REPETIDA",3,10.5065,9161.036411199699,true
"Merge Sort","Paralelo",1,100000,"REPETIDA",4,10.1744,9193.152442263652,true
"Merge Sort","Paralelo",1,100000,"REPETIDA",5,10.4537,9166.074013777074,true
"Merge Sort","Paralelo",2,100000,"REPETIDA",1,5.9088,9736.541786108439,true
"Merge Sort","Paralelo",2,100000,"REPETIDA",2,5.5777,9794.204735373614,true
"Merge Sort","Paralelo",2,100000,"REPETIDA",3,6.0153,9718.67939266648,true
"Merge Sort","Paralelo",2,100000,"REPETIDA",4,5.8489,9746.730342884726,true
"Merge Sort","Paralelo",2,100000,"REPETIDA",5,5.7192,9769.153719864324,true
"Merge Sort","Paralelo",4,100000,"REPETIDA",1,4.1268,10000.0,true
"Merge Sort","Paralelo",4,100000,"REPETIDA",2,3.8703,10000.0,true
"Merge Sort","Paralelo",4,100000,"REPETIDA",3,4.5867,9989.810519665829,true
"Merge Sort","Paralelo",4,100000,"REPETIDA",4,4.1815,10000.0,true
"Merge Sort","Paralelo",4,100000,"REPETIDA",5,3.6939,10000.0,true
"Merge Sort","Paralelo",8,100000,"REPETIDA",1,3.8644,10000.0,true
"Merge Sort","Paralelo",8,100000,"REPETIDA",2,3.4842,10000.0,true
"Merge Sort","Paralelo",8,100000,"REPETIDA",3,3.5002,10000.0,true
"Merge Sort","Paralelo",8,100000,"REPETIDA",4,3.2687,10000.0,true
"Merge Sort","Paralelo",8,100000,"REPETIDA",5,3.3358,10000.0,true
